N,P,K,temperature,humidity,ph,rainfall
-1.3359361847627143,0.41749900978360655,-0.5350912573301183,0.3782743876362238,-0.489415579279096,0.10545676633047221,-1.0061384494659253
1.797537726715599,0.8743548660603148,-0.061708786390361155,-0.056432368312301896,0.35242142837639784,-1.1024308715862232,0.037615108413492276
-1.3089234786292805,0.2347566672729233,-0.5548155269526082,-0.6719997202358595,-2.1733039468211164,-0.662710050821127,-0.4861212050178631
-0.28244064555879866,0.7525266377198593,-0.5548155269526082,-1.2485057736373726,-2.271540071626269,-1.0318415334702502,-0.42221807427700636
-1.173859947962112,-1.0139826732167458,-0.7126096839325272,-1.7658989905526878,1.047107329068561,0.007106583955190574,0.12173766485583884
-0.8767201804943408,-1.0444397303018598,-0.416745639595179,0.4239092192928527,-0.8570621953270566,-2.18784119401139,-0.16819615423766557
1.365334428580659,-1.1053538444720874,0.13553390983453764,-0.23651288074413293,0.7041409337886138,-0.02353906022338658,-1.0684799543666903
-0.5255550007597022,-0.06981390357821553,-0.4561941788401588,0.3811189686240803,0.6342645501122122,0.937086211953572,-0.9159868041400998
1.0411819549794543,0.11292843893246776,-0.10115732563534091,0.25996780525704005,0.07895964679568429,0.6818897905697167,1.3442157808457487
-0.5795804130265697,-1.3794673582381125,-0.3970213699726891,0.2512296049368045,0.9105553633357283,-0.4760528433469162,2.0209715968376303
0.257813477109876,-0.16118507483355718,-0.18005440412530044,-0.2538992931375357,0.39771378470943697,0.7379746699390791,2.3243859307459966
-0.9037328866277745,-1.1358109015572013,-0.6731611446875475,-1.7929015400020656,0.9310263135874286,0.2007892394785257,-0.0074757160506816155
-0.6606185314268709,-0.8007832736209487,-0.752058223177507,0.4851592073651483,0.9639442495967345,-0.5023874846553777,0.19614983097880143
-0.012313584224461311,0.052014324762239994,-0.6337126054425677,0.6306656615030709,-0.27401235489158465,1.4329068020964242,-0.7477798360360705
-0.1743898210250637,-0.19164213191867105,-0.061708786390361155,2.5661803247833515,1.045694968264994,0.1413718300630045,2.0888346366245725
-1.1468472418286781,-0.4962127027698099,-0.29840002186023973,0.48691470222635025,-0.7395486222026532,-0.44029947386585927,-0.10738748334310677
1.8245504328490327,-0.9835256161316319,-0.2786757522377498,-0.23374858269966556,-0.30139110865113977,0.9854015810987975,0.29620798752901273
-0.6606185314268709,-1.0748967873869737,-0.12088159525783079,-1.1430262850038293,0.8173648283318012,0.5679303744993403,0.08868995539588212
-0.5795804130265697,0.11292843893246776,-0.5548155269526082,0.0052029084113221335,-0.929466986331789,-0.7639464986575342,-0.9091900053242252
1.5003979592478278,-0.13072801774844328,-0.47591844846264864,-0.4965251521123997,0.22580350324724072,0.6620507130573594,-0.23123990444854234
-0.3364660578256661,0.44795606686872047,0.11580964021204777,0.7326363910922938,0.869813892508029,0.3472549926592502,1.7961308707449377
-0.6336058252934371,0.2347566672729233,-0.6534368750650575,-0.06201122198827965,-0.19480211138220363,0.6293876467502751,-1.001143269279355
1.5814360776481289,0.7829836948049731,-0.061708786390361155,0.4068016884981886,0.37011608814034785,0.026181947884295433,0.09662245238397668
1.8515631389824665,-1.470838529493454,0.13553390983453764,0.8012081242730205,1.0261683418006025,-0.3879804969995771,-1.3923915605690906
1.1492327795131891,0.14338549601758163,-0.19977867374779032,-0.9695273462959971,0.5536147914972783,0.5963200032414225,3.206213514795102
1.1492327795131891,0.08247138184735388,-0.12088159525783079,-0.33681373994302594,0.484142254392379,1.1768168513134052,1.669432105381127
-0.36347876395909984,-1.470838529493454,-0.2786757522377498,0.041340837927240755,1.0055379027233502,-0.8903189021690502,0.8929291637675408
1.3113090163137915,-0.10027096066332941,-0.6534368750650575,-1.4512042611270388,-0.015505720630434242,-1.1555165369439435,-0.27801045388058715
2.0406520819165026,-0.22209918900378495,-0.4561941788401588,-0.22338021337513583,0.4604548967083756,0.37082727059686743,-0.7744567034639551
-0.6336058252934371,-1.3185532440678847,-0.29840002186023973,0.43486580652306794,1.1690427267729608,-0.004969640785708446,0.9227411634491113
1.689486902181864,-0.46575564568469596,-0.4561941788401588,-0.6991064831401324,0.360567847348748,1.183910338142231,-0.23534280037394997
-0.4175041762259673,2.366750663230895,3.05472581396304,-0.6157909182608029,1.0089366477362092,-0.7427873881303965,-0.011498938961652739
-0.444516882359401,-1.1358109015572013,-0.4561941788401588,0.8760633731635739,-0.9192597989009745,-0.4672027583048022,-0.20488287806581343
-0.6876312375603046,-0.9530685590465181,-0.4561941788401588,1.557069329409571,-1.1627637529091155,-0.6346145397024414,-0.13920531878940692
-0.20140252715849744,0.44795606686872047,-0.5548155269526082,0.7796741689898695,-0.23628515387571222,1.324668567558199,-0.6171852503387631
-0.28244064555879866,2.062180092379756,2.97582873547308,0.11680759511039124,0.4308675180928731,-0.19872538521451558,-0.6786897044446146
-0.4985422946262685,-1.227182072812543,-0.12088159525783079,-0.40628251016255224,0.9666555313523899,-0.8812635213939882,0.05939791710148501
-0.9307455927612083,2.336293606145781,3.01527727471806,0.690332012554912,0.5095122819602134,-1.0148799539469708,-0.627897186998207
-1.173859947962112,-0.2525562460888988,-0.5153669877076285,-0.01497446282557611,-1.1944229412512901,4.455209095511188,-0.5282470711078602
-0.5255550007597022,-0.739869159450721,-0.43646990921766887,0.5153509473163891,-1.0788421906494463,-1.8633613354235037,-0.10166279951220752
-0.444516882359401,-1.4403814724083401,-0.35757283072770935,0.2926912028495429,1.147382546919521,-0.6720860501347997,1.2447530268786091
-0.012313584224461311,0.32612783852826494,-0.4561941788401588,0.6357758054125396,-0.3621285859741429,0.34116774790133736,-0.6023358968147595
2.1216902003168037,0.2042996101878094,-0.5153669877076285,-0.19487564669426188,0.3449172320994087,-0.6732383527217469,-0.5715619258938831
-1.3089234786292805,-0.8921544448762904,-0.19977867374779032,-0.19969906747871394,0.9065110484148471,-0.7048346050946515,0.15674361354089422
-0.09335170262476251,0.7829836948049731,0.5891921111518049,-1.5806239431513196,-2.5441755558098365,0.18036971845247884,-0.6958946839706307
-0.7686693559606058,-1.0748967873869737,-0.3378485611052195,1.011216676548874,-1.0549298833971825,-0.6621810907488564,-0.23601987223244988
-0.444516882359401,0.2042996101878094,-0.49564271808513855,-1.0650530048277347,-2.0859008309347633,-1.0447069505682858,-0.06014721151619533
-0.7686693559606058,2.4276647774011226,3.01527727471806,-0.34408998546368486,0.3897176684680817,-0.60164014822244,-0.6565821708780589
0.23080077097644228,0.29567078144315107,-0.594264066197588,1.185057391048423,-0.5075471618391076,0.07337980849439223,-0.6671916318361027
-1.173859947962112,-0.9226115019614042,-0.25895148261525996,-1.1382098216711405,0.7755109755420517,0.7534611474249056,-0.014579229722304453
0.8791057181788519,-0.37438447442935435,-0.10115732563534091,-0.8841797566339713,0.504460974920466,-0.27807070047761706,2.3611674835222987
-0.8226947682274733,-0.2525562460888988,-0.6337126054425677,0.8502287700682972,-0.7550758268837595,-2.3762523122276726,-1.0539652526158088
-0.36347876395909984,-0.5266697598549237,-0.416745639595179,0.38444533509424206,-1.0562461149642985,-0.7206900150201149,-0.23568699798689013
-0.7956820620940396,-0.9835256161316319,-0.19977867374779032,-0.5914261114913809,0.8028487314451513,-0.18314520327662387,0.028034860844600867
0.663004069111382,-0.5266697598549237,-0.08143305601285103,-0.4493098450263007,0.1273072497001845,0.18506745552001508,0.9169656128136531
-1.0117837111615093,-0.19164213191867105,-0.5548155269526082,0.7093528191652506,0.7405140703529512,0.09633681922053455,-1.095783669582683
1.3923471347140928,-1.1967250157274292,0.07636110096706801,0.2364994812721951,0.8173114421526662,0.05284460246631953,-0.8300597664265488
0.4469024200439121,-0.19164213191867105,-0.08143305601285103,0.22397513718561912,0.4644027165649502,1.8028778365753262,3.221849997849305
-1.173859947962112,0.2042996101878094,-0.4561941788401588,0.5254178472310426,0.5081333048561525,-0.0929661153736889,-0.8608310093667034
-1.038796417294943,-0.6789550452804931,-0.43646990921766887,1.9915484254364904,-0.8752034348447164,-1.3849643455751317,-0.05712018835055483
0.041711828042406154,-0.06981390357821553,0.09608537058955789,2.4978988744448976,0.9724239628820914,0.6651551741132741,1.9456459038344969
-1.254898066362413,-0.4048415315144682,-0.43646990921766887,0.3902251312964149,-1.0265951657914847,0.3225995336366045,-0.1366703226412094
-0.6065931191600035,2.123094206549984,3.03500154434055,-0.54969615695532,0.9284617445122311,-0.03541094176909855,0.31083117250764764
-1.038796417294943,0.5393272381240621,-0.574539796575098,-0.13120180537844384,-0.48146623289467944,0.8672723091778058,-1.1129121917668217
-0.20140252715849744,0.3870419526984927,0.6089163807742948,-1.1945222672340756,-2.523292204001238,1.9422563324468372,-0.5235284720627008
-1.1198345356952444,-0.739869159450721,-0.2786757522377498,0.7419281391553612,-1.146968927421397,-0.9568420331744512,-0.0462671451549811
1.2572836040469242,-1.3794673582381125,0.07636110096706801,-0.13129426825351667,0.6971829176021622,-0.29890886893843355,-0.9802827051451005
-1.038796417294943,2.7017782911671477,3.05472581396304,1.1179781981326387,0.49932928360584744,-0.64049599634659,-0.6977636208151496
-0.7686693559606058,0.2042996101878094,0.7272619985092341,-1.3161164534166823,-2.5450475578988887,1.7300819415159434,-0.1560081803817637
1.0411819549794543,0.2042996101878094,-0.6139883358200778,-0.04051271360453171,-0.6387236710178376,-0.6261862278110188,-0.030108446048729615
1.7164996083152975,-0.9835256161316319,0.13553390983453764,-0.027173221588828594,0.740603350753306,0.003859601853728254,-0.8341618609359668
0.7170294813782495,-0.46575564568469596,-0.23922721299277008,-0.7255699774236184,0.39286802130460396,-0.6648798828581006,2.2055325584244345
1.1492327795131891,-0.37438447442935435,-0.6139883358200778,0.007541398698288576,-0.22154978471002548,-0.543752393287695,0.038405700555737395
-0.28244064555879866,2.64086417699692,2.8969316569831207,-2.0695940921755582,0.406670635820586,-0.22603916315876604,-0.5772342006857746
0.8520930120454181,-0.4048415315144682,-0.061708786390361155,0.12296114991480023,0.4607577209275322,0.255047416948958,1.3969969887772091
-0.6336058252934371,-0.709412102365607,-0.3378485611052195,0.6640079366274027,0.866306143362548,-0.9688320822495585,0.8277088641758628
0.6900167752448157,-0.06981390357821553,-0.594264066197588,0.11451679020249413,0.023456640459956445,-0.28707795553908516,-0.4277442855455849
-0.6606185314268709,0.44795606686872047,-0.47591844846264864,0.4811514438772594,-0.33050074077511754,1.3342863851453182,-1.2046119837126732
-0.6065931191600035,2.519035948656464,2.9955530050955703,-0.49200425655308516,0.9406285667297687,-0.2886008778077909,0.20717691646921182
-0.6336058252934371,0.32612783852826494,-0.5350912573301183,1.4166767896711063,-0.12370272029798408,1.384392255887731,-0.5401607499688256
-1.1468472418286781,-0.6180409311102654,-0.37729710035019925,0.8582607568331825,-0.9854352417613081,-0.03527667519150028,-0.20985773478690967
1.284296310180358,-0.8616973877911764,0.07636110096706801,-0.05912127412140891,0.5258065324941925,-0.31669046488920544,-0.9837618919797174
1.365334428580659,1.1789254369114537,-0.061708786390361155,0.5161379824565547,0.4131002138941909,-0.9173591277672566,-0.09737353269707931
-0.8226947682274733,-0.2525562460888988,-0.5153669877076285,0.7817602491719866,0.8328340786986985,0.5604700278705499,-0.8806433375825051
-0.7956820620940396,0.569784295209176,-0.6139883358200778,1.1588543533139994,-0.21916709940929585,1.4317267006165544,-0.7578122913117834
1.6624741960484302,-0.8616973877911764,0.05663683134457813,-0.10452869956434875,0.634109156314301,0.5964965978129322,-0.848547497953686
-0.9037328866277745,0.11292843893246776,-0.5350912573301183,-1.1122427596232494,-2.2948068139080644,-0.8771952480885203,-0.7722131499560395
-0.3364660578256661,-0.46575564568469596,-0.594264066197588,0.1419676981401227,-0.4601980791087563,-0.22638120412981763,-1.2305290112442004
-0.28244064555879866,-0.9530685590465181,-0.37729710035019925,0.38546883577238206,1.2811597833293658,-0.9466054527298426,1.296945035739958
-0.5255550007597022,-0.16118507483355718,-0.6139883358200778,0.6435817930668856,0.6958438399732526,0.16109041863797383,-0.9018231238664154
-0.39049147009253354,-0.31347036025912656,-0.47591844846264864,0.2948732041408215,-1.2472637778843134,-3.8144788082252616,-1.1249208502508827
0.960143836579153,-0.8312403307060625,-0.416745639595179,0.3021718442642808,-0.8324810353558927,-0.5008736263183747,1.6209032554553837
-1.362948890896148,-1.2576391298976568,-0.8112310320449766,-1.053620125867449,0.8624870266830954,0.6438172881027316,0.24490364332248932
-0.8767201804943408,-1.3490103011529986,-0.16033013450281056,-1.1976660713409304,0.789172687980754,-1.086042093362318,0.051056808963261216
-1.1468472418286781,-0.8312403307060625,-0.23922721299277008,-1.3269858314773362,0.7165101301803443,0.4318246991216288,-0.015222102190710065
-1.173859947962112,0.08247138184735388,-0.49564271808513855,0.14754347999868764,-1.4108189070794392,-1.1916939017341475,-0.8707606692117034
1.797537726715599,-0.8616973877911764,0.11580964021204777,0.604934311675797,0.9457570046452503,-0.41127400232331657,-1.3510355078554996
0.6359913629779482,0.14338549601758163,-0.594264066197588,-1.0823165289118466,-0.6770654879676022,0.3319592689158318,0.10316445623547714
0.7980675997785507,0.5393272381240621,-0.02226024714538139,0.37513677400257917,0.4200487697274114,-0.4039435411140098,0.03134925278591015
0.8520930120454181,-0.8312403307060625,-0.02226024714538139,0.570079586069724,0.9887752883968206,0.12316063442665491,-1.4404178518813482
1.8785758451159003,-1.0139826732167458,-0.061708786390361155,0.016136923443194704,0.7746810728328383,-0.4583952062004465,-0.89400005164248
1.5814360776481289,-1.3185532440678847,0.09608537058955789,0.24127859489609182,0.7355863112352086,0.10567937917411845,-1.0425875054119185
-0.39049147009253354,0.41749900978360655,0.5694678415293151,-1.4077957867122282,-2.328554140916454,0.8804197999035256,-0.4384021224403261
-0.4715295884928348,2.062180092379756,3.05472581396304,-0.6100909073441781,1.046894300550836,-1.1134351845758346,0.20901235561756348
-0.7956820620940396,2.4885788915713505,2.9561044658505904,-0.33610526643560257,1.053969692716945,-0.9083868807241373,0.03037448236549231
-1.2278853602289792,0.3565848956133788,-0.574539796575098,-1.4251267580706553,-0.14975330168967205,0.6555622630040122,-0.9927156455190574
-0.4175041762259673,0.41749900978360655,0.01718829209959837,3.069909892930382,0.8847641507515157,0.18986923961470117,2.4819107708983443
-0.06633899649132878,0.2347566672729233,-0.5350912573301183,0.9176208375406909,-0.43750956972180044,0.2043032273234862,-0.6865241047672692
-1.2008726540955454,-1.227182072812543,-0.37729710035019925,0.3373305021986389,1.2805845156600648,-0.8212626703553993,1.7919197718326092
-0.3364660578256661,0.26521372435803714,-0.4561941788401588,1.3982554831624263,-0.16430149132992247,1.2686069538269522,-0.7274820453533261
1.5274106653812614,0.5393272381240621,0.13553390983453764,0.7488490608814584,0.5623268526020794,-0.4919908314647097,0.25247345954095674
-0.4715295884928348,-0.6789550452804931,-0.2786757522377498,1.1215610047603528,-0.9523651604156733,-1.3514649665822336,-0.2469906276778748
0.28482618324330977,0.32612783852826494,0.07636110096706801,3.458033966390618,0.9603165636766072,0.22084545048673554,0.1311537458895999
-0.552567706893136,-1.1053538444720874,-0.3378485611052195,1.0971319806135766,-0.7603962467691268,0.4313812985946495,-0.15878055034121719
-0.28244064555879866,-1.1358109015572013,-0.25895148261525996,1.2315544744366342,-1.0061564182661766,0.018548461083450492,-0.2504198814194312
1.7705250205821652,-1.470838529493454,0.11580964021204777,-0.040410192186292486,0.4288149522580064,0.2374582014018292,-0.8393519966624174
-0.7686693559606058,0.7829836948049731,-0.6139883358200778,-0.8115850433450474,-2.29117296502296,-0.7185563355935501,0.2395826232991888
1.3923471347140928,-1.2880961869827707,-0.061708786390361155,0.6730282972333222,0.9734225337783844,-0.14735238532717204,-1.4412214593904897
-0.4175041762259673,2.7017782911671477,3.05472581396304,-0.8610813563585951,0.8437565026784117,-0.7404310455909413,0.36930906329758717
-0.4715295884928348,0.14338549601758163,-0.47591844846264864,1.927171227706805,-0.12037703402551606,-1.54707815835407,0.09605222780188002
1.8515631389824665,1.1180113227412258,-0.0025359775228915122,0.6019077128208606,0.36594150304229134,-0.6229772054349045,0.2712034665462644
1.0952073672463216,-1.227182072812543,-0.02226024714538139,0.6882526966162202,0.9424092008246199,-0.41975189000272717,-1.3720691034158754
-0.3364660578256661,-1.1662679586423153,-0.416745639595179,1.5931283986980436,-1.0295256592289261,0.3970319620380925,-0.20182034820479514
1.068194661112888,0.17384255310269553,-0.25895148261525996,-0.25990226058275884,0.827024428469223,0.8100644509482046,1.3069274889542506
-0.30945335169223237,2.3058365490606674,3.05472581396304,1.7186076922995743,0.5271527556613003,-0.780804100757237,-0.5882319931843439
-0.6606185314268709,0.3870419526984927,-0.5153669877076285,-1.4672541226417473,-0.28442366843048206,-0.21819749852155082,-0.9427327751356681
-0.9037328866277745,0.14338549601758163,-0.4561941788401588,1.0823361114693049,-1.250188908240506,-0.018263454974287874,-1.284513753280737
1.8245504328490327,-0.10027096066332941,-0.574539796575098,-0.5126918129463568,0.4891519369551974,-0.1404312163170975,-0.6709689594308331
-0.39049147009253354,0.2347566672729233,-0.5350912573301183,1.7476892708025364,-1.4541187929947295,-1.0991611497402924,1.1871995177517134
-0.6065931191600035,0.6306984093794037,0.6483649200192746,-1.477429439756344,-2.38484805854729,2.944016372915148,-0.3888666208780691
0.33885159551017724,0.14338549601758163,0.03691256172208825,3.4063348304720864,1.0415094918208199,0.3235052281932498,-1.1240444034181885
1.2572836040469242,-0.739869159450721,-0.416745639595179,0.4220714430505044,-0.7662245492816794,0.9477904020783504,0.6643340221337964
1.3383217224472252,-1.4403814724083401,0.09608537058955789,0.6770889802897974,1.009159022145688,-0.46898920742740585,-1.4501328581675779
0.7710548936451169,-0.31347036025912656,-0.18005440412530044,-0.7644008408497481,0.41608820200446106,0.7643723991510094,1.9554847973135319
-0.9577582988946419,2.1840083207202117,2.97582873547308,-1.3965803490992328,0.40920494532127655,-1.1607446906029246,-0.6113913957915657
-1.3089234786292805,-0.19164213191867105,-0.6534368750650575,0.8363629648790062,0.6531659211118424,-0.08804360001807404,-0.8178124548500316
1.3383217224472252,-0.22209918900378495,-0.594264066197588,-0.2726798637199108,0.20657585419866623,-0.04907359172568738,-0.6237069936879895
1.8785758451159003,1.0266401514858843,0.07636110096706801,0.4866060782531737,0.20716753339932115,-0.7273150247020423,0.28456063991004393
-1.3359361847627143,0.6916125235496315,-0.574539796575098,-0.27274442848195285,-1.11105847691152,0.25749135429368053,1.346299295001694
1.9326012573827676,-0.4048415315144682,-0.6139883358200778,-0.12073902743426668,0.4433421828797816,0.49598611006723137,-0.4242739512276889
1.5544233715146951,-0.9530685590465181,-0.02226024714538139,0.5761866889058672,0.9106435413149614,-0.39782090165123973,-1.423513645195571
-0.28244064555879866,-0.06981390357821553,-0.6139883358200778,0.6006610565124653,0.659031121964525,0.503776328642725,-0.9706455823354234
-0.8767201804943408,-1.1967250157274292,-0.7323339535550171,0.4810536960710859,0.8333838340271118,0.10447267366262891,0.25069139717235595
-1.0117837111615093,0.32612783852826494,-0.5548155269526082,-1.258488397636321,-0.39790510533507856,0.15571762102452597,-1.2171460269719032
1.689486902181864,-0.7703262165358348,-0.0025359775228915122,0.6428930229067277,0.9448010735665108,-0.3857086699518497,-1.436003085214809
1.473385253114394,0.7220695806347454,0.07636110096706801,0.6985146432753654,0.21193875769533754,-0.8418673239910104,-0.060914241591611726
-0.5795804130265697,2.397207720316009,3.0744500835855297,-0.48664445624548136,0.8432075961603966,-0.48079155371663884,0.08847035758814892
0.5279405384442133,-0.3439274173442405,-0.10115732563534091,-0.4712966084442727,0.23463956877334638,0.04972910666647678,0.9784141546881232
1.2032581917800567,-1.2576391298976568,0.05663683134457813,0.03547380523311383,0.5715355988596069,0.27305843271483593,-1.0760939116097514
-0.4985422946262685,2.3058365490606674,3.01527727471806,-1.7994831430000546,0.5191084942298176,0.02292341932376194,-0.5786484979153698
-0.9847710050280757,0.6611554664645176,-0.47591844846264864,-0.2020874250328478,-0.6328348367879517,-0.04331126932719916,0.2730652774487463
1.0141692488460206,-0.03935684649310165,-0.18005440412530044,-0.3228327357459717,0.7465235487742925,0.5290422122728333,0.9336369178951129
1.5814360776481289,-0.9226115019614042,-0.4561941788401588,-0.0909375624707512,-0.1328466589165202,0.6929032138934128,1.66547446428406
-0.6606185314268709,-0.4962127027698099,-0.35757283072770935,1.915843852208599,-0.9866250387328747,-0.39131135011525525,-0.10817354213495918
-1.1198345356952444,-1.1053538444720874,-0.3181242914827296,0.07151477148580646,0.9859663750417293,-0.8087469673776472,1.2501484744994755
0.5009278323107796,0.32612783852826494,-0.02226024714538139,2.854978860589125,1.035439860976056,0.6750403815524881,1.5162350207565016
-0.6336058252934371,-0.9530685590465181,-0.37729710035019925,0.6340890458812394,0.9305857159046766,-0.6051814528911447,0.7654262728129986
0.257813477109876,0.11292843893246776,-0.47591844846264864,-1.350880033477259,-0.44377931064787024,-0.4491593846120942,-0.5153973807713015
1.1222200733797554,-0.9835256161316319,-0.0025359775228915122,0.045637684023788164,0.4759515311979493,-0.11901536399528798,-0.8830377376332307
1.284296310180358,-0.739869159450721,-0.35757283072770935,0.0111180987715661,-0.46714460919828205,-0.3245428162524954,1.749113900090156
0.28482618324330977,-0.008899789407987767,-0.10115732563534091,0.16006191269076386,0.4316527031720881,-0.15487511737894413,2.183917099006734
-1.2008726540955454,0.17384255310269553,-0.5350912573301183,0.19645783193413788,-0.23789210053553314,-0.42605885776712865,-0.9543661110769902
-0.9037328866277745,0.14338549601758163,-0.5548155269526082,0.4846511065169046,0.6497982925635228,-0.05205200071434767,-1.1667601695443266
-0.30945335169223237,-0.8921544448762904,-0.6731611446875475,0.9702670924411204,0.8736572530258914,0.9274002447366199,0.049428413197322295
-1.2819107724958467,-0.8007832736209487,-0.08143305601285103,-0.1980800596712313,0.924229229787735,0.1566607610134672,0.13845384486531756
-0.6065931191600035,0.5088701810389482,-0.5350912573301183,-0.03760552335720404,-0.4911038160304906,1.247208055130525,-1.1677531192239052
1.7164996083152975,0.7829836948049731,0.05663683134457813,0.12236873607046318,0.48946425070403865,-0.2018048392540812,0.1585914033030522
-1.0117837111615093,-1.1358109015572013,-0.7915067624224867,1.7870746011748022,0.9732940393251313,0.6187972185066323,-0.05747096434406223
-1.0928218295618106,2.6713212340820336,3.01527727471806,-0.6745665925362002,0.8770123244769618,-0.10793769528651642,0.02158683229856519
-0.9577582988946419,-1.1967250157274292,-0.7915067624224867,-3.03908160350564,0.8431590842446761,-0.32071653909626535,0.2918714517284728
-0.3364660578256661,2.6713212340820336,2.9561044658505904,-2.444373792670061,0.3969383221226765,-0.9187051731833039,-0.5932122680161733
1.6354614899149964,-0.10027096066332941,-0.6534368750650575,-0.08096667929362808,0.39786021819366635,1.8235988480474843,-0.34085258773653826
-1.1468472418286781,2.0317230352946423,3.01527727471806,-0.858001258310058,0.8840224893119991,-0.19155121753514986,0.34353797263507474
1.068194661112888,-1.1662679586423153,0.07636110096706801,0.28614345424586946,0.8951461792094942,-0.027970727328770113,-1.4502917519896534
-0.7146439436937384,2.2753794919755532,2.916655926605611,-0.552729414667316,0.864296280635698,-1.2223094655694162,0.12878000595729597
1.2032581917800567,0.6611554664645176,-0.061708786390361155,0.6635944434619423,0.517082586697207,-0.8247551274956986,0.10313575884639115
-1.1198345356952444,0.2042996101878094,-0.49564271808513855,1.2464482514182282,-0.6403613840247409,-0.24974477318159122,-0.7115163404650804
-1.2278853602289792,-1.227182072812543,-0.2195029433702802,-0.6321850575176248,0.8235454266601568,-1.0589000622297455,-0.0006672031680329707
-0.9037328866277745,2.458121834486237,3.0744500835855297,2.62639318025589,0.39249241125712625,0.03846633628306177,-0.5362845379407584
-1.2278853602289792,-0.9226115019614042,-0.6534368750650575,0.01677130838363761,0.9249750657046215,1.2105575549099785,0.16718818388700832
-1.1198345356952444,-0.5571268169400376,-0.5548155269526082,0.3575251548479813,0.4282274520234065,0.5723571629099736,-1.1432231822685337
0.23080077097644228,0.26521372435803714,0.6878134592642543,-1.3673716551227402,-2.343983014660948,2.106969915943495,-0.5533039978540744
1.0411819549794543,-0.2525562460888988,-0.23922721299277008,-0.8309974871594732,0.4055469037687762,-0.035171091729968525,1.4947846013518498
0.7440421875116832,-0.4048415315144682,-0.19977867374779032,0.17197656737535727,0.557339107142273,1.3922155142472608,2.6362778609962008
-0.9847710050280757,0.17384255310269553,-0.5153669877076285,-0.34266952166676967,-0.15897760617946957,0.3826195810823121,-1.0272049589480605
-0.4985422946262685,-1.0748967873869737,-0.6928854143100374,-2.2922210966113306,0.9115582276595522,-0.5485723671156258,0.0842969838231342
-0.741656649827172,-1.4403814724083401,-0.29840002186023973,0.70203925320979,0.9556643909864875,-0.5722603210325831,1.8489597796694315
-0.5795804130265697,0.29567078144315107,-0.6139883358200778,0.8671393805830716,-0.15942810186227308,1.0205706092661815,-0.6711645214919424
1.7705250205821652,-0.03935684649310165,-0.574539796575098,-0.5152823210666988,0.17648669442596635,-0.4578832435780278,-0.6601081220826157
-0.4175041762259673,0.29567078144315107,0.5497435719068251,-1.5158910098396032,-2.4163637813239847,1.6039642161821093,-0.22808684897391035
0.7980675997785507,-0.2525562460888988,-0.12088159525783079,-0.4762731809894854,0.15968516903279767,1.1737667442017417,0.8834605994491496
-0.7956820620940396,0.6306984093794037,-0.6534368750650575,0.7626640561810855,-0.19453287509773642,0.0027070981897972706,0.9079708065400819
-0.36347876395909984,2.5494930057415783,2.97582873547308,-0.5744748101296889,0.8413871406935193,-0.9948365835086732,0.09072552835236937
-0.4985422946262685,-0.8616973877911764,-0.7717824927999969,-2.9716962300190937,1.0017231589211595,1.709505100951759,-0.040203228523230675
-0.6606185314268709,2.062180092379756,3.01527727471806,-0.6619787277932468,0.8342606663904624,-0.3966469317304015,0.16300718902716202
0.663004069111382,0.021557267677126114,-0.23922721299277008,0.13887187995863973,0.5893329516645873,0.7143060052340019,2.8048926097184403
-0.7146439436937384,-0.008899789407987767,-0.6139883358200778,0.6579695437503685,0.7917487669429096,-0.06250234790429664,-0.8315502196481396
-0.4715295884928348,0.2042996101878094,-0.6534368750650575,0.6574252797657518,0.45923558752841176,0.052949031024153714,-0.8524405497261326
-0.5795804130265697,0.44795606686872047,-0.49564271808513855,-0.27697688741200127,-2.341334874344285,-0.8280009894952495,0.24343575458315495
-0.6336058252934371,-0.709412102365607,-0.8506795712899564,1.3923511495494922,0.8576167047830104,1.5302683082798112,0.18150154078901695
-0.7686693559606058,-1.1053538444720874,-0.8506795712899564,-0.2851653631725751,0.8655811443718949,0.6132860850845869,-0.009450667819937997
-0.5255550007597022,-0.4048415315144682,-0.5153669877076285,0.7466466146351531,0.6607677602099806,-0.13437131416203024,-0.9098746919084467
0.8520930120454181,-1.0748967873869737,-0.0025359775228915122,0.6855594309341155,1.0201700150691286,-0.40049259992595504,-1.3948197412864338
0.14976265257614108,0.11292843893246776,-0.0025359775228915122,1.1668735336838025,0.9699417176427022,0.04686493647231011,-0.7230297928360274
-0.444516882359401,0.3565848956133788,-0.574539796575098,-0.4182918018039191,-0.36895989375523935,-0.6797557849287261,-1.0545826284457727
-0.28244064555879866,-1.0748967873869737,-0.10115732563534091,-1.2094132748961595,0.6890442353278701,-0.9053482814028968,0.11934121995691344
-0.5795804130265697,0.5393272381240621,-0.594264066197588,-0.6651197274518036,-0.4174995948865752,-0.07646134666542019,-0.9078482946555102
0.28482618324330977,-0.06981390357821553,0.05663683134457813,2.6770919029168585,1.0199209064986112,0.13523162214330708,0.32020744296556636
-0.4175041762259673,-0.709412102365607,-0.2786757522377498,0.5297424548286651,1.075997786766841,-0.4231122331203138,1.4392962251299704
-0.444516882359401,-1.1662679586423153,-0.2786757522377498,0.2878979518397914,0.8827094061087828,-1.0214700600159043,2.2081835347885628
-0.4175041762259673,0.11292843893246776,-0.4561941788401588,0.2951899526221857,-1.3097010660338695,2.411165879930482,-0.5864652323291141
1.284296310180358,-0.8007832736209487,-0.416745639595179,-0.16963967328732307,-0.9044013396591881,0.9903655801827866,1.7158199699434344
1.5274106653812614,-0.06981390357821553,-0.5153669877076285,-0.1400208038643024,0.3043739196726281,-0.6273163577937076,-0.43285033264475115
0.5279405384442133,0.44795606686872047,0.13553390983453764,3.369049463959873,1.0411769682150869,0.2854267088842314,-0.4466567207796623
-0.9307455927612083,-1.1967250157274292,-0.35757283072770935,0.805276373680263,1.1161093527494987,-0.12257231528898486,1.9378549302862647
-0.6606185314268709,2.4885788915713505,3.05472581396304,1.600439162156805,0.43644608047688044,-1.0113903144623455,-0.5244397562883185
-1.0928218295618106,0.7525266377198593,-0.594264066197588,-1.3742492240203759,-0.3920201322723252,-0.22271206476906466,-1.0786865343717185
-1.0658091234283769,0.5393272381240621,-0.6139883358200778,-1.1053656181258769,-2.2428457838413,-0.932319367453816,-0.3761310238631642
-0.28244064555879866,2.2144653778053254,3.01527727471806,-2.775187157972307,0.38562775793034826,-0.4547161947331937,-0.5854499887634589
1.689486902181864,0.9657260373156564,-0.061708786390361155,0.4618752412150318,0.2332877491133515,-0.5572552837142938,0.10440228544926823
1.1492327795131891,-0.19164213191867105,-0.2195029433702802,-0.7903218919908315,0.48029595064353725,0.03941796017394558,3.504282538715074
-0.6336058252934371,2.579950062826692,3.01527727471806,-0.37397602688920933,1.0082492751504495,-0.6668978888832334,0.037222953223381906
1.365334428580659,0.14338549601758163,-0.594264066197588,0.01675245788529845,0.44622649133598424,0.23508194708522162,-0.4505510807672653
-0.444516882359401,0.5393272381240621,0.6089163807742948,-1.4940017697938772,-2.494975804720428,1.6230989584021354,-0.522562612026916
0.9871565427125868,-0.8616973877911764,-0.04198451676787127,0.3598831533222758,0.8343150176369464,-0.11609765189853395,-1.4849869720059543
-0.6876312375603046,-1.2576391298976568,-0.43646990921766887,0.5828764671054784,1.0880202115678215,-0.0431123036523575,0.572893471336895
-0.6065931191600035,-0.5571268169400376,-0.5153669877076285,0.7703551043903839,0.686480083700409,0.8852558586011541,-0.7912736611701572
-1.1468472418286781,-0.9226115019614042,-0.08143305601285103,-1.3873823792892161,0.8191537929777818,0.852097280604575,0.093186970926842
-0.9847710050280757,-1.470838529493454,-0.23922721299277008,-0.1281584286237015,0.6172430373924314,-0.8213685902341906,0.0257386347985054
-0.9577582988946419,2.123094206549984,3.0744500835855297,-0.5964051567129988,0.9474676955962079,-0.13377961420414775,0.21887964076841349
0.39287700777704465,0.2042996101878094,-0.5153669877076285,-0.04203571638408054,0.048507067796030756,0.1768732371946065,0.0829337996096866
-0.849707474360907,-1.4099244153232262,-0.752058223177507,-2.108321473996558,0.8878946209563079,-0.45285061923980485,-0.05748205023463369
1.6354614899149964,-1.470838529493454,0.07636110096706801,0.8394279224196105,1.01431815369155,-0.4302087412597075,-1.4986492330089116
-0.9847710050280757,-0.739869159450721,-0.3181242914827296,1.961981575894745,-1.0085813798009473,0.6093640733721349,-0.1061903778535311
-1.2008726540955454,2.123094206549984,3.05472581396304,-2.5031757179086185,0.45717623480130526,-0.43753758354150873,-0.6655997518145111
-0.7146439436937384,0.813440751890087,-0.574539796575098,0.7993457852009699,-0.10568332030868685,0.4360274864840609,-0.685873174647048
-0.9577582988946419,2.4276647774011226,2.97582873547308,-0.30956523627952354,0.9053733780973077,-0.8313544044796012,0.25941055747181135
0.9871565427125868,-0.9226115019614042,-0.3970213699726891,0.1250193163710916,-0.4117896576599296,0.6571463088087358,1.644890391213807
-0.2554279394253649,0.7525266377198593,-0.5350912573301183,-0.07503850884595728,-0.4967433563071545,0.14378453860549548,-0.5908186431770996
-0.741656649827172,2.7017782911671477,2.9363801962281006,2.6312400338940076,0.47572147395463577,-0.6047624419710601,-0.6195732286890232
-1.1198345356952444,2.5494930057415783,2.9955530050955703,-0.8707166073788255,0.8639814029497881,-1.0737955564166795,-0.010067774509518722
-0.552567706893136,2.09263714946487,2.9363801962281006,-0.8206920744791026,0.9552166540496961,-1.1555745992117878,0.05071139212072764
0.28482618324330977,-0.37438447442935435,-0.25895148261525996,-0.1192988934672753,0.36069664882807917,0.48104392735155,1.6814848468398953
-0.28244064555879866,-1.1053538444720874,-0.6534368750650575,-0.8259443553224745,0.8757157196865112,1.8062141045910438,0.06789903183625635
-0.444516882359401,0.08247138184735388,-0.6139883358200778,1.5280265174765455,-1.6164111921610875,-2.4768041419166944,0.6608457698722164
1.068194661112888,-1.1358109015572013,-0.061708786390361155,-0.12922361936763804,0.41195423232686834,-0.22971964274578935,-0.9607868379788623
-1.0928218295618106,0.17384255310269553,-0.6534368750650575,0.8289084856424491,0.8018762330776779,-0.18787470792959127,-0.8095702899229293
-1.0658091234283769,-1.4403814724083401,-0.4561941788401588,0.6066689576009021,1.1317139742355957,-0.5003643975695536,1.3758837391277519
1.2032581917800567,-0.46575564568469596,-0.5153669877076285,-1.1189847684768681,-0.4576166689350179,-0.9527243774242448,-0.04705948607280706
-0.9577582988946419,-1.3490103011529986,-0.7323339535550171,-2.739112202664942,1.0193228273303931,1.8537678405264226,0.09961187778449908
1.365334428580659,-0.6789550452804931,-0.43646990921766887,0.21973071495141722,-0.0775668367491074,0.504591466375464,1.0100665104708229
-0.30945335169223237,-1.1053538444720874,-0.061708786390361155,-1.4609991959111301,0.8520368761408679,0.5861250212421855,0.027786023363573827
1.3923471347140928,-0.008899789407987767,-0.5350912573301183,-0.49666925235527104,0.20963604730137578,0.5721887789819424,-0.2157853901373292
1.5814360776481289,1.1484683798263398,0.09608537058955789,0.797071945546418,0.5417954630999634,-0.592488847281635,0.1254921750236656
-0.28244064555879866,0.2347566672729233,-0.5153669877076285,-0.9042261833593693,-0.2526688993692048,0.6863094536369967,-1.0757579687270822
-0.849707474360907,0.11292843893246776,-0.49564271808513855,-0.37268560401328504,-1.084103893144096,1.1248035875098787,0.6873197591335326
-0.741656649827172,0.5088701810389482,-0.6534368750650575,1.7599035135552112,-0.37376949631094386,1.20370542233079,-0.7813454596693304
1.4193598408475265,-0.3439274173442405,-0.6139883358200778,-0.251438683471431,0.5914014729803764,0.07447552466699411,-0.4057295681065078
-1.2008726540955454,0.7220695806347454,-0.4561941788401588,-0.9702283998226058,-2.113127276418712,-0.8726445150520912,-0.6135569751995948
-0.9037328866277745,0.7220695806347454,-0.47591844846264864,-0.9394126359719912,-2.3569379387054368,-1.1617415941947158,0.10307765800690219
-1.2819107724958467,2.6713212340820336,2.9363801962281006,-0.7028989969268243,0.8837009261781382,-0.4214347922127302,0.22062492243769863
-0.3364660578256661,0.569784295209176,-0.5350912573301183,0.5173857414185954,-0.9874101865560011,-0.731686555610954,1.5130436545404011
0.9061184243122856,-0.4352985885995821,-0.25895148261525996,-0.46954133216220045,-0.8663725241248598,0.6311268286033296,0.2539706953185783
1.4463725469809603,0.6002413522942899,-0.04198451676787127,0.6941872429390411,0.3895788024584733,-0.24154955333813025,-0.23481167066172698
-0.36347876395909984,0.7220695806347454,-0.5548155269526082,0.0684513498539079,-0.12274594355092604,0.7872216867502855,-0.9522955480509189
-0.8767201804943408,0.052014324762239994,-0.49564271808513855,-0.6994711999824741,-0.6791302823279508,0.6650463695531469,0.6091136234778141
-0.22841523329193117,0.6306984093794037,0.6878134592642543,-1.2343512898204934,-2.565708952296876,1.3862666555671908,-0.6837612748244475
-0.9037328866277745,0.32612783852826494,-0.6139883358200778,-0.89011328422192,-2.087280474608598,-1.0402676309369467,0.38682106175885167
-0.741656649827172,-0.9835256161316319,-0.43646990921766887,0.17014289534649005,0.9879835601609801,-0.7324697607720227,0.8346637155453936
-1.038796417294943,0.7525266377198593,-0.49564271808513855,-1.8575024651806227,-2.366214815126848,-0.6079193441619741,-0.2782133493347387
1.3113090163137915,-0.739869159450721,0.13553390983453764,0.704666365527963,0.8987477903564595,0.246439080576718,-1.3988852483535255
-0.3364660578256661,-1.1967250157274292,-0.35757283072770935,0.2617915397419023,0.8870165905628399,-1.158791837387201,1.6659269567810777
0.8250803059119844,-0.5875838740251516,-0.35757283072770935,-0.07907832149874193,-0.41194675177185003,0.22943928611499728,0.5760767542427654
1.6354614899149964,-1.1662679586423153,0.11580964021204777,0.4142782051948598,0.9638088739888492,-0.35532844610209513,-1.4793240288698164
-0.4715295884928348,-0.19164213191867105,-0.04198451676787127,0.7064661324209308,1.0112310958070587,0.476503395105154,1.9299013897593371
-0.741656649827172,0.3565848956133788,-0.5548155269526082,-0.4957384526473269,-2.20007453129667,-0.8195457100868935,0.09123221287519398
-1.2008726540955454,0.26521372435803714,-0.5153669877076285,-0.9860549749499017,-2.3946082846861403,-0.8322407569772133,0.31110293150502993
1.8785758451159003,-1.1358109015572013,0.05663683134457813,0.4714953966141152,0.9068058720012467,0.0996104594897261,-1.4570483244178019
-0.9307455927612083,-1.3794673582381125,-0.7717824927999969,-0.19127613242431954,0.8907433817178005,1.4583597388790766,0.14448488415219682
-0.6606185314268709,2.09263714946487,3.03500154434055,-0.6123933184135438,1.0457623120112045,-1.0988788905030848,0.06968452624517547
-0.6065931191600035,0.3565848956133788,-0.49564271808513855,0.5471875947503863,-0.42872251929304256,1.2057068897740582,-0.5297348920673512
-0.8226947682274733,-0.739869159450721,-0.416745639595179,-0.094476510805766,0.9390824094378201,-0.5448639068930241,0.9900197173072062
-0.7686693559606058,-1.3490103011529986,-0.08143305601285103,-0.16797793716317774,0.7826749792943988,-0.9350083441705792,0.160823292241276
1.0141692488460206,0.021557267677126114,-0.08143305601285103,0.029733503547442683,0.5585167388788208,-0.4129183905573128,2.361614332988019
1.2572836040469242,-0.10027096066332941,-0.14060586488032067,-0.20566889871819036,0.4086989394134337,0.7749173143928855,2.855334358086374
-0.4175041762259673,0.569784295209176,-0.5350912573301183,1.6497104050211138,-0.32102986337315276,1.6391085209032503,-0.6642046800158579
-1.173859947962112,2.6713212340820336,2.8969316569831207,-0.33212883197244175,0.9879947455159882,-1.2316077988983412,0.02832787629105802
1.2032581917800567,-1.1358109015572013,-0.04198451676787127,0.2915009809402047,0.8395517069325183,0.35695486254505093,-1.4358431499522915
-0.552567706893136,-0.709412102365607,-0.25895148261525996,-0.11209027281647405,1.0841228431879044,-0.6030059906986437,1.13650842965295
0.1767753587095748,0.11292843893246776,0.5300193022843352,-1.657304534644618,-2.387463186378725,1.695333130730543,-0.29262462656883215
1.6354614899149964,-0.37438447442935435,-0.594264066197588,-0.37856940875241935,0.30011229223273,-0.46964842156029657,-0.40750290170109293
2.2567537309839723,0.08247138184735388,-0.594264066197588,-0.34635593089877537,0.5601489914000036,0.28551154532575607,-0.5892589217008428
1.2032581917800567,-0.9226115019614042,-0.061708786390361155,0.4373865605786362,0.8585550590676813,-0.26237087257892183,-1.4951908707977244
-1.254898066362413,-0.9226115019614042,-0.8506795712899564,-0.5673553073126358,0.9840811334815495,1.2994900686336908,0.1269871925313253
-0.6065931191600035,0.14338549601758163,0.6483649200192746,-1.5823694399689359,-2.464142158778524,-0.3729390544356958,-0.18205880981831143
-0.7956820620940396,0.26521372435803714,-0.47591844846264864,1.5432654348071764,-0.390817332477055,0.4867364837706133,-0.6897143123513065
1.6354614899149964,-0.4048415315144682,-0.4561941788401588,-0.21436030944346704,0.5839522244961534,-0.3638798544869098,-0.2258585917021036
-0.6606185314268709,-0.03935684649310165,-0.49564271808513855,0.8597340933602993,-0.980151378178248,-1.9822470421987481,-0.9176190455745457
-1.362948890896148,0.052014324762239994,-0.5153669877076285,-0.5067143294857405,-2.2829672469262716,-0.7127697009254691,0.7370610801172724
-0.7956820620940396,-0.6789550452804931,-0.3181242914827296,1.9131357485164642,-0.8983319000324201,-1.5663763942067785,-0.23763209064143015
-0.4985422946262685,0.052014324762239994,0.07636110096706801,2.3430750653085406,0.9227619427370912,0.6418966471619202,1.0245671555963407
-0.9847710050280757,0.11292843893246776,-0.6534368750650575,0.8377487663194659,0.525538395488766,0.19808195573360926,-1.1507076247553303
-1.0117837111615093,0.6002413522942899,-0.5548155269526082,0.9604082037455905,-1.613728787913722,-1.389753201450964,1.0779773003839306
-1.173859947962112,-0.7703262165358348,-0.25895148261525996,0.8660782198918386,-1.1067282740301525,-2.3209613698588765,-0.12224617834949077
-0.14737711489162997,0.2347566672729233,0.5891921111518049,-1.1898085029151684,-2.485721403595401,0.025298824219010682,-0.39718760827048505
0.7980675997785507,-1.1662679586423153,-0.3970213699726891,-0.4817888867645649,-0.1543628870798569,0.3009822679143698,1.065269836273007
0.9871565427125868,0.021557267677126114,-0.5548155269526082,0.006635228174426156,-0.357690679332297,0.13747519400803687,0.09963842969345023
-1.2819107724958467,0.44795606686872047,-0.6337126054425677,-1.4176359829889678,-1.6492384769255353,-1.9397149409710903,0.07492235841529375
-0.7146439436937384,-1.4403814724083401,-0.3181242914827296,0.4937819998564877,0.8338833519891593,-0.10658927045950174,1.2579245206740444
-0.4985422946262685,2.0317230352946423,3.0744500835855297,-2.967021827507932,0.5388795839242639,-0.42639043629027806,-0.6544393930651462
-0.6876312375603046,-1.4099244153232262,-0.25895148261525996,0.5468311312217903,1.2455447955946815,-1.1755916595002096,1.5707346290743331
-0.5255550007597022,0.569784295209176,-0.6139883358200778,0.6066995508726661,-0.986058238070737,-0.8207165658924037,-0.12725013789900663
-0.7956820620940396,-1.1053538444720874,-0.6534368750650575,-0.31229071115767276,0.9025588570276166,1.2712050540589672,0.2754221028451242
-0.444516882359401,-1.2880961869827707,-0.752058223177507,1.2036321752349595,1.039382863126651,1.1503233437207845,0.21552991300584384
1.0141692488460206,-0.22209918900378495,-0.12088159525783079,-0.5659412115844732,0.5397055729487268,0.17430742915271338,1.654334418081696
-0.39049147009253354,-0.8616973877911764,-0.29840002186023973,0.4685503433873611,-0.8128876760553656,-1.1873557689387664,-0.06806422447042808
0.8520930120454181,-1.0139826732167458,0.11580964021204777,0.7332668435600008,0.8337809511615457,0.09201649333875855,-1.4905471744857235
-1.173859947962112,0.6306984093794037,-0.6139883358200778,-0.6070533131783761,-0.3983514709784975,-1.0341829988908586,-0.12024701868567027
1.3113090163137915,0.11292843893246776,-0.25895148261525996,0.229208897350946,0.43708333644190955,-0.6565831565178356,3.0743680992570472
0.7710548936451169,-0.3439274173442405,-0.2195029433702802,-0.13857669253779,0.5117250296736484,0.15229882250781338,3.4985425076951886
-1.173859947962112,2.7626924053373756,2.8969316569831207,-0.5111609530277343,0.9938293362278385,-0.79049141879905,0.023517056539200873
-1.3089234786292805,2.0317230352946423,3.05472581396304,-0.47941979930263606,1.0446131151985714,-0.7427846813248543,0.09583165097098022
0.1767753587095748,0.41749900978360655,-0.4561941788401588,1.3201331144554647,-0.21659547097865825,1.394136879580793,-0.705991247430211
-1.0928218295618106,-0.8921544448762904,-0.416745639595179,0.3883215158976343,1.0532683737858226,-0.9813488563489318,0.7747552862958275
-0.7686693559606058,0.052014324762239994,-0.47591844846264864,0.5825389536067902,-0.6344098428606038,2.824123198272766,-0.7065107149384112
-1.1198345356952444,-1.3794673582381125,-0.6534368750650575,-2.1935722994584936,1.0286923749050672,1.9652742050511283,0.12496812648773602
-0.6606185314268709,0.32612783852826494,-0.5153669877076285,0.0717234618615117,-1.3851015086813607,-1.6815672405238424,0.10603924129880005
1.365334428580659,0.5088701810389482,-0.0025359775228915122,-0.04341964819234122,0.16123532798772996,-0.5891365304869586,0.24017318899829274
-1.0117837111615093,0.2347566672729233,-0.47591844846264864,-1.421786744066082,-0.07855792096711534,1.495379055533309,-0.9820049511999771
-1.2278853602289792,0.6306984093794037,-0.5350912573301183,-1.8224782060886553,-2.248021357890444,-1.131777108608252,-0.6621042587849428
-0.5255550007597022,-1.227182072812543,-0.29840002186023973,0.4011072572041699,1.0794273959801228,-0.786318207798514,1.8596224592713275
-0.1743898210250637,0.17384255310269553,0.5891921111518049,-0.9578078964354452,-2.3155333880570583,1.4555802736530243,-0.33795464713756745
1.3923471347140928,0.6002413522942899,0.07636110096706801,0.4545539664420496,0.5351941802436456,-0.14651678801139412,-0.23862064181376988
1.6354614899149964,0.7829836948049731,0.09608537058955789,0.5325638781383666,0.19452813924672305,-0.3928227220580245,0.2973608710153127
1.0411819549794543,0.2042996101878094,-0.574539796575098,-0.07633691961811287,-0.21319475408632765,-0.7167845225552016,-0.4601877564654333
-0.6065931191600035,0.44795606686872047,-0.574539796575098,1.767316655965457,-0.45128860337819826,1.5850861061955794,-0.5627250624433046
0.8791057181788519,0.14338549601758163,-0.49564271808513855,-1.1399177853296238,-0.5286442563152688,-0.11414983334112061,-0.6887074605427699
0.20378806484300854,-0.06981390357821553,-0.02226024714538139,3.2302219039518616,0.9096123484490651,0.37084363259189557,1.7114331072568731
0.01469912190897242,0.08247138184735388,-0.594264066197588,0.49664371588683504,-0.32453720449713636,0.30515239831240776,-0.5912638352184711
-1.3089234786292805,2.123094206549984,3.0941743532080195,-0.6277870170904117,0.8683734859495659,-0.941078581166999,0.39357804490359605
-0.4715295884928348,2.0317230352946423,3.0941743532080195,1.8615346024024293,0.486080381194409,-1.1844590668088435,-0.6121585668972708
0.6900167752448157,0.08247138184735388,-0.18005440412530044,-0.23194363821356176,0.828215031159809,0.10488040622628579,1.7063215126630569
0.6900167752448157,-0.16118507483355718,-0.594264066197588,-1.2270565216701885,-0.08102442259153009,-0.8942564483674065,-0.36658169158937126
-0.3364660578256661,2.579950062826692,3.0744500835855297,-0.09211357673665832,0.5303194248690464,-0.18597282386223576,-0.5521964300381926
-1.0658091234283769,0.2347566672729233,-0.5350912573301183,-1.3582715970532437,-2.1732324775242065,-1.2086032876017911,0.5820061843911288
1.7705250205821652,-0.5266697598549237,-0.4561941788401588,0.38942234479771365,-0.5796935544901357,-0.3836854140129177,0.9703987610061531
-0.03932629035789505,0.44795606686872047,-0.5153669877076285,0.5826171093068626,-0.44469887484682374,0.8472331201095931,-0.7253089254651982
-0.12036440875819625,0.6916125235496315,0.5694678415293151,-1.4339180555550193,-2.323097039215767,0.6420042078804541,-0.3567825844835613
0.9871565427125868,-0.2830133031740127,-0.10115732563534091,-0.33337808000480346,0.689135287412329,0.3209024928789829,1.3495190019367302
0.28482618324330977,-0.37438447442935435,-0.6139883358200778,-0.08606815810188273,-0.2773128749008047,-0.5772709493533839,-0.48533366495304203
-1.1468472418286781,0.021557267677126114,-0.5548155269526082,0.5368788292222936,0.41892299667037514,0.7275537354137401,-1.1747792363829148
0.14976265257614108,0.41749900978360655,0.5891921111518049,-1.5629614984942628,-2.456281688363912,2.3016726298466086,-0.46469130397344593
0.39287700777704465,-0.4352985885995821,-0.061708786390361155,-0.3737352736874123,-0.02468265737040528,0.3844171951333014,1.4759657907582482
-0.4985422946262685,0.7829836948049731,-0.5153669877076285,0.3940044503197493,-0.35811570217464395,-0.7131892544956174,-0.8912537400769538
1.5544233715146951,-0.6180409311102654,-0.3378485611052195,-0.3688921066205091,-0.21002524264302216,1.19107669088731,0.7516035520968243
-0.1743898210250637,0.11292843893246776,0.09608537058955789,3.263441725973563,0.856190885105309,0.5954446158841685,-0.5182305549843987
1.8245504328490327,1.057097208570998,0.05663683134457813,-0.026114873152291884,0.3614435799841895,-0.34524692307956173,-0.04900675041182003
1.797537726715599,-0.5875838740251516,-0.4561941788401588,-0.1453186213758341,-0.6585512737096293,0.957614424111704,0.3832117127024638
-0.552567706893136,0.5088701810389482,0.6089163807742948,-1.0370119995942246,-2.3103310524658953,1.087053549365095,-0.6134450013357132
-0.9307455927612083,-1.3185532440678847,-0.14060586488032067,-0.1577731821236453,0.63722244921802,0.3470280192807724,0.043757769079518685
-0.9307455927612083,2.7931494624224893,2.97582873547308,0.2601820908681462,0.4187268195751677,-0.6648372377812543,-0.6195451521971569
1.4193598408475265,-0.8007832736209487,-0.3378485611052195,0.3077497787369536,-0.8909540378044288,0.28586359632149233,0.4152704832022798
1.5274106653812614,0.569784295209176,-0.061708786390361155,0.5008417954423368,0.4535634867771331,-0.8751925252030616,-0.21745756661822063
-0.5255550007597022,-1.4403814724083401,-0.43646990921766887,0.6919427846130426,0.891872815746603,-0.9388677680941118,0.9805496280419498
1.8245504328490327,-1.1662679586423153,-0.061708786390361155,-0.26700176340944154,0.5730200214665503,0.08796404582302841,-1.007112527473119
0.28482618324330977,-0.03935684649310165,-0.14060586488032067,-0.11834099970524184,0.5589271241182623,0.5293342972141608,1.8460448564760465
-1.2278853602289792,0.17384255310269553,-0.6534368750650575,-1.30916111523565,-2.300788342183508,-0.6412167903055745,0.5609584328472749
0.20378806484300854,0.41749900978360655,-0.061708786390361155,2.5645485749835664,0.9105412661705377,0.2998916998281191,-0.7412042684316352
-1.2819107724958467,0.08247138184735388,-0.6139883358200778,0.5105475050547147,-0.805010594362902,2.886653174982323,-0.9320585648973606
-0.30945335169223237,0.3565848956133788,-0.49564271808513855,-0.02897675897178483,-0.10385739672532367,1.567623762491098,-1.1342136744517355
1.2572836040469242,0.17384255310269553,-0.10115732563534091,0.15148252572106924,0.5657602897662225,-0.2362161075214519,3.057238980742255
-0.30945335169223237,-1.1358109015572013,-0.416745639595179,1.9428904434010168,-0.830113860707368,-1.9782844606270324,-0.2149004576486396
-0.4985422946262685,-1.2576391298976568,-0.35757283072770935,-0.03720994392238479,1.1962175155682373,-1.1470628339275772,2.0877107253089537
-1.1198345356952444,-0.16118507483355718,-0.5548155269526082,0.7965533216743577,0.5764361713568293,-0.11883307997631848,-0.8600036476255914
-0.444516882359401,-0.5571268169400376,-0.5350912573301183,0.5585819237682664,0.5043712124353062,0.2766348382066529,-0.8219398165279633
0.33885159551017724,-0.37438447442935435,-0.061708786390361155,-0.05567070786717898,0.6933744045440982,0.8406199713917615,1.6972763977009204
-0.39049147009253354,-1.0444397303018598,-0.3181242914827296,0.29743029502510676,-0.9305531184619497,-1.9679913749722446,-0.19985508239577252
-1.173859947962112,-0.4048415315144682,-0.6139883358200778,1.0986176883291157,-1.369670448049367,2.6582336469749857,-0.9019982902181476
-0.28244064555879866,2.519035948656464,3.03500154434055,-0.5328648945678349,1.0385275818393715,-0.6888505381238386,0.2579749801364471
1.1222200733797554,-0.2830133031740127,-0.6337126054425677,-1.3086567282810124,-0.254586230989775,-0.49855251091962516,-0.15637215917597086
-1.3359361847627143,-0.709412102365607,-0.752058223177507,-2.670533070970994,0.8935511190373321,1.0590618365052369,0.004043015584404679
-0.6336058252934371,0.6002413522942899,0.6089163807742948,-1.2529642824195455,-2.495928413274276,1.140997884333457,-0.3759103888004036
-0.7686693559606058,0.08247138184735388,-0.6139883358200778,0.8383692051307924,0.713149707767476,0.5426733408344009,-1.0664221563105125
1.7705250205821652,-0.8616973877911764,0.03691256172208825,0.7177696047300223,0.9643394392896818,-0.49093213150238074,-1.3584163926201258
-0.8767201804943408,2.1840083207202117,3.0744500835855297,-0.6298968794624827,1.0341133839846428,-0.545341752165011,0.2435120692569724
1.797537726715599,0.843897808975201,0.09608537058955789,0.7658019781674315,0.30370277054230654,-1.2401295497170948,-0.09516021007791874
-0.28244064555879866,-1.470838529493454,-0.3181242914827296,0.09504939130133659,1.1340092895204539,-0.6297734927488827,0.7311465282094386
-0.9037328866277745,0.41749900978360655,-0.594264066197588,1.0999605253093885,-0.6720102762204745,-1.1062468242127395,0.470365916284177
1.068194661112888,-0.2830133031740127,-0.19977867374779032,-0.34113561334992676,0.558570980152514,1.2933020031030464,2.508453506511272
-0.4715295884928348,0.6611554664645176,0.7075377288867442,-1.1945682664312862,-2.366056679639928,0.9631801048212533,-0.6285569032144324
1.068194661112888,-0.03935684649310165,-0.4561941788401588,0.07645367816312901,-0.09318673906671952,0.4547751103980673,-0.002393890676146133
0.33885159551017724,-0.2830133031740127,-0.14060586488032067,-0.2751923664133314,0.5516084303938654,-1.142519223656591,2.7965739117480406
1.3383217224472252,-0.5571268169400376,-0.23922721299277008,-0.05321062708450437,0.025753857151926036,-0.15860163843928937,1.5868689836231213
1.0952073672463216,-0.008899789407987767,-0.16033013450281056,0.18426227964865427,0.44786508457408386,-1.3967040589620192,2.9345199918617397
-0.39049147009253354,0.11292843893246776,-0.6337126054425677,0.5915328602832148,-0.6417790172381129,2.349911740545968,-0.8430163771932865
-0.6065931191600035,0.41749900978360655,-0.5350912573301183,-0.7387092977948772,-0.3460342300645736,-0.28198168389091655,-1.032364821385682
-0.1743898210250637,0.29567078144315107,-0.6534368750650575,0.16398419612613507,-0.3109996908398138,1.1203180253282317,-0.725887576197607
-0.9307455927612083,2.7322353482522614,2.9363801962281006,-0.578836297100654,0.9910967951606587,-0.7292075367774449,0.24695230752926695
0.5009278323107796,0.11292843893246776,-0.25895148261525996,-0.24894382323633785,0.31885449579667857,-0.36470659925960636,1.5081830956803712
-0.4985422946262685,0.5088701810389482,-0.5548155269526082,-0.9152312658823932,-1.1307594623182693,-0.3363124372627193,1.6780751038654005
2.175715612583671,-0.5571268169400376,-0.594264066197588,-0.21310463284277342,0.4849694387537486,0.7578172263410365,-0.715623684394809
0.06872453417583989,0.6002413522942899,0.5694678415293151,-1.1454868458799496,-2.3944100234943275,1.1029451325242483,-0.5406501973148183
-0.6065931191600035,-0.16118507483355718,-0.6534368750650575,-0.08232260174769354,-0.7265177724944452,3.588872969886481,-1.1365702698322617
1.1492327795131891,0.9657260373156564,0.01718829209959837,0.4654401419185028,0.3521985700866389,-0.9996078760833985,0.29337181928837824
-0.9307455927612083,-1.4403814724083401,-0.37729710035019925,0.7229066826624317,0.9209101593885948,-0.775276552493008,0.5239802146980688
1.0411819549794543,-1.2880961869827707,-0.02226024714538139,0.820465119294224,1.04198284792921,-0.18295289505446105,-1.3737083091989435
-0.7146439436937384,-0.8007832736209487,-0.2786757522377498,0.6431603432307829,1.062620378231568,-0.34335875478257744,0.7588947143015972
-0.5795804130265697,2.7626924053373756,3.0744500835855297,-0.6147205421173328,0.9447238951107119,-0.8627142741023798,0.28656530084697496
1.6084487837815626,-0.8616973877911764,0.11580964021204777,0.6494886910813952,0.8683022841783026,-0.056496126858958974,-1.4541767259111071
-1.3089234786292805,-0.46575564568469596,-0.594264066197588,0.38119703845378083,0.8299214789565115,0.19351031069093053,-1.0530695781684778
-1.3359361847627143,0.3870419526984927,-0.49564271808513855,-1.1787471304114416,-0.6513791449879424,-2.1476535331125284,1.2704315106843944
-0.9037328866277745,0.11292843893246776,-0.5548155269526082,0.5705899937084262,-1.17778384881239,-3.4494842898725495,-0.6765600812091416
0.20378806484300854,0.052014324762239994,-0.02226024714538139,0.09185849705322104,0.9987873930739138,0.35153430012541725,2.4990825224145006
-0.6876312375603046,2.7322353482522614,2.9561044658505904,-0.5407783099612415,0.9012707187954613,-0.5702949133949625,0.08189315803580428
-0.8226947682274733,-1.0444397303018598,-0.25895148261525996,1.6772285182347362,-0.9344669796184247,-0.4586447453144632,-0.09732167485903241
0.8791057181788519,-0.9226115019614042,0.13553390983453764,0.2565234880240008,0.558954497916962,-0.0083663685256085,-1.0806201957479604
0.7170294813782495,-0.03935684649310165,-0.14060586488032067,-0.3302856224774401,0.5397283772657467,-0.4800942793199082,1.171335546472586
-1.0658091234283769,0.5393272381240621,-0.47591844846264864,-0.8670878971822696,-2.186961924224744,-1.1125506275925654,0.6960654567839742
-0.4175041762259673,-0.03935684649310165,-0.574539796575098,0.2972272818519766,0.828433550237446,0.2949286262138355,-1.1991790156658797
-1.254898066362413,-1.0748967873869737,-0.2195029433702802,-0.5200315674137979,0.6269372354187454,0.8529178796397358,0.05326028985195916
1.5274106653812614,-0.6789550452804931,-0.3378485611052195,-0.470692444020114,-0.8286778337591948,0.38207536880528603,0.9055999290677049
-1.0117837111615093,2.7626924053373756,3.0744500835855297,1.00409117256375,0.493138058763809,-0.4866066394888819,-0.6364308844610268
1.6624741960484302,-0.4352985885995821,-0.37729710035019925,0.10574693884363452,-0.36201701835332045,0.3309611189045361,0.8088507143205449
-0.5795804130265697,2.062180092379756,2.916655926605611,-0.5336739086201334,1.0270744314150229,-0.5030336300733171,0.3683676979482824
-0.7686693559606058,-1.1053538444720874,-0.43646990921766887,0.6079440252929628,-1.0647671699394075,-2.210979175311336,-0.06755838594736141
-0.4175041762259673,0.32612783852826494,-0.6534368750650575,0.5642752953438255,-0.3547789126901097,0.03916241195162282,-0.6155750340139602
1.3113090163137915,-1.4403814724083401,-0.061708786390361155,0.10593562142257261,0.6782807691622319,-0.6042444212600451,-1.139940932858797
-1.2819107724958467,0.47841312395383434,-0.49564271808513855,0.6032419003127142,-0.37038673460885674,1.069315636099961,-1.099031493953863
1.3113090163137915,-1.1662679586423153,-0.416745639595179,0.28480508252496095,-0.6356256207918084,0.040467151515089575,1.1342882307608573
1.5274106653812614,-0.5875838740251516,-0.3181242914827296,0.23254522868750277,-0.22562937755562842,0.39996528080223326,1.3542462680665275
-1.173859947962112,0.29567078144315107,-0.47591844846264864,-0.5129764088280582,-2.127832671939147,-0.7877371577994627,0.0796423801376112
-1.2278853602289792,2.7626924053373756,3.0941743532080195,-0.8121195239620099,0.9510069701254635,-0.3671450675681786,-0.010015993646713092
0.663004069111382,-0.008899789407987767,-0.594264066197588,-0.9551274878900062,-0.5387481676248277,0.509178113565623,0.005394926473477667
1.3383217224472252,-0.4048415315144682,-0.25895148261525996,0.3866788000609737,-0.7643761068616842,0.6264649567092342,1.3550030002012439
1.5274106653812614,-0.9530685590465181,0.11580964021204777,0.47092923568453837,0.8711061302565088,0.2069282332025943,-1.4873879402466714
1.4463725469809603,-0.8616973877911764,0.05663683134457813,0.6597458777896705,1.0074821924903572,0.0002853553615714511,-1.4520418538012474
1.2302708979134904,0.9961830944007704,0.05663683134457813,0.8442248990325639,0.24901048631445047,-0.27376385319848723,-0.20663803258321187
-1.0658091234283769,-0.5266697598549237,-0.3378485611052195,0.45619768540078814,-0.8824860592891657,0.0073308402164851275,-0.05634669089905645
-0.9577582988946419,-1.4403814724083401,-0.14060586488032067,-1.2830532570026254,0.7809319572406472,0.5511656557873555,0.09689100680924856
1.5544233715146951,-0.5571268169400376,-0.4561941788401588,-0.31257623014587754,-0.4637055566887745,0.6473148585275992,1.0585995057771842
-0.28244064555879866,2.7322353482522614,3.01527727471806,-0.11914776356346411,0.5067004410845412,0.009017312831895575,-0.6670243000353682
-0.444516882359401,0.813440751890087,-0.574539796575098,1.1534554039229816,-0.3763102398932058,0.06632456238310822,-0.5799839137198917
-0.4715295884928348,0.17384255310269553,-0.574539796575098,-0.4664364312372377,-0.3901918032024863,1.5097044036682106,-0.9790748278530547
-0.22841523329193117,0.17384255310269553,0.13553390983453764,2.833527627748578,1.028412056056487,0.6565168038001067,0.8328070909180478
1.0952073672463216,-1.4099244153232262,0.09608537058955789,-0.0869858840456307,0.8009086570025513,-0.016170399543098762,-1.0886809826215142
-0.8226947682274733,0.569784295209176,-0.574539796575098,1.3453171226259109,-0.3183109109031139,1.1954142049842817,-0.6830327090770332
0.9871565427125868,-0.16118507483355718,-0.4561941788401588,-1.3522842892413858,-0.45161097941297457,0.24099349309536353,-0.17714460249050343
-0.9847710050280757,2.610407119911806,2.9363801962281006,-0.7529718650882073,0.9605724901112931,-0.532637931357868,0.3337632652250215
2.175715612583671,-0.13072801774844328,-0.5153669877076285,-0.01650904639580166,0.3831211597774956,1.0790576225910506,-0.6604831034230431
0.9871565427125868,0.2042996101878094,-0.49564271808513855,-1.0362805342945933,-0.33786670619147396,-0.039557894177961433,-0.7433925458912529
-1.3089234786292805,2.7322353482522614,2.916655926605611,-0.5601796042884516,0.8534213514356059,-1.0315156766184364,0.11883462642137144
-1.2008726540955454,-1.3794673582381125,-0.7323339535550171,-0.2394936677553987,0.9406768685750144,0.1690940095385689,0.29734072097159997
0.5279405384442133,-0.10027096066332941,0.09608537058955789,2.3183081041660136,0.8532894123652202,0.5981368085437078,1.2554584140914415
1.5274106653812614,0.14338549601758163,-0.6534368750650575,-0.35995188453962423,0.19459099700080182,1.4001945441099453,-0.4862047428081357
-0.4985422946262685,-1.2880961869827707,-0.3378485611052195,0.7675720007343625,0.9482363537848559,-0.011002602491896591,0.5069200827413142
-0.22841523329193117,0.6002413522942899,-0.4561941788401588,1.6498268959876612,-0.18981551098602767,0.04138502411876676,-0.5480934909848131
-0.8226947682274733,0.6306984093794037,-0.6337126054425677,2.0414631535491163,-1.248997001137959,-2.2044632834056066,1.0288640427784022
1.068194661112888,-0.22209918900378495,-0.12088159525783079,-0.31305460813567726,0.44934982946863405,1.3315834297113596,2.670081174348564
1.0411819549794543,-0.03935684649310165,-0.12088159525783079,-0.48570173812016887,0.44938470610488607,-0.4233351978486788,1.697890565501257
1.6624741960484302,1.0266401514858843,-0.0025359775228915122,0.314996233093191,0.26739858736674565,-0.3475677819762639,-0.0707056242410365
-0.6065931191600035,2.09263714946487,2.9363801962281006,-1.110349835085832,0.5069418362981638,-0.7903698896749629,-0.6131160579227573
-0.6065931191600035,0.7829836948049731,-0.6337126054425677,-0.17111826937474933,-0.5014468274888564,-0.5382379833419872,-0.9140681232740947
-0.5255550007597022,0.44795606686872047,-0.061708786390361155,3.3841080105732932,0.8365164157094902,0.6039417631294934,1.6902862651024992
-0.4985422946262685,2.6713212340820336,3.05472581396304,-0.8438060407110748,0.9607702759513281,-0.8357766377231926,0.10392340118091808
-0.6606185314268709,0.29567078144315107,-0.6139883358200778,0.8383038753417961,-0.2562609087693514,0.6193928923128437,-1.0627027912546005
0.14976265257614108,0.14338549601758163,0.01718829209959837,2.253819271049018,1.0399262503571676,0.28665553930864307,1.2578779733997623
-0.28244064555879866,-1.3490103011529986,-0.14060586488032067,-0.23524714169707317,0.626702089352858,-0.8855829153612864,0.0504682067697264
-0.39049147009253354,0.44795606686872047,-0.5548155269526082,-1.6631588429108355,-2.139661091270889,-0.7802461855993911,-0.3916232205576684
1.284296310180358,-1.3794673582381125,0.05663683134457813,0.11636833693001461,0.6770143714286702,-0.2712295729963934,-0.9812880627604742
-1.2819107724958467,-1.3490103011529986,-0.25895148261525996,0.26021544565302274,1.2750928928270049,-0.19490149391402856,2.225137564654762
0.06872453417583989,0.41749900978360655,-0.6139883358200778,1.2087703128858287,-0.10868743850974065,1.0662368304047714,-0.7622194559908205
0.14976265257614108,-0.10027096066332941,0.07636110096706801,1.4644773892154321,0.9341888684661889,0.38748942844684353,-0.27705436879059886
0.06872453417583989,0.6306984093794037,-0.6534368750650575,0.7516708569466404,-0.2916119317316367,1.3499678467239287,-0.5673382920275124
2.2297410248505387,0.11292843893246776,-0.574539796575098,-0.3982682712423602,0.2038823606541598,1.9041081270736013,-0.34992989545522757
1.6084487837815626,-0.7703262165358348,-0.04198451676787127,-0.2521514622070701,0.7453695382954971,0.03755236276832073,-0.9479875467722282
-0.36347876395909984,0.5088701810389482,-0.4561941788401588,-1.1420185103134324,-2.0892594915386344,-0.8382823637047223,-0.3510549766853326
0.7440421875116832,0.14338549601758163,-0.08143305601285103,0.2376504096797677,0.4240440695509452,-1.7543710342995906,3.295222461387147
1.7435123144487314,-1.3490103011529986,0.07636110096706801,0.6800886451217937,0.8769527425654468,-0.5805317194066988,-1.3508972568642619
-1.0928218295618106,2.519035948656464,3.0744500835855297,-0.8556890677762364,0.9298786537006573,-0.2494943820683066,0.045502068086146374
-1.254898066362413,-1.4403814724083401,-0.8112310320449766,-0.5021331958601923,0.8832722311423118,0.30822494484201934,0.16957950620189638
-0.5795804130265697,-1.2880961869827707,-0.8506795712899564,-0.4780806918287642,0.9204861658017978,1.5081116187484498,0.019424737885452698
-0.741656649827172,0.17384255310269553,-0.4561941788401588,0.4377803406388348,0.7761434622789031,-0.19204579473225433,-0.8492140449492019
-0.6336058252934371,0.17384255310269553,-0.5153669877076285,-0.7360258486576159,-2.1650716404456634,-0.8708223773428866,0.4859783150045472
1.5544233715146951,-0.46575564568469596,-0.47591844846264864,-0.4240532295527982,0.22436586037234435,1.253450973431013,-0.4464377666159698
1.2572836040469242,0.6306984093794037,-0.061708786390361155,0.17411224550392893,0.31772909036297203,-1.020906497946112,0.17762787549500322
-1.0117837111615093,-1.3794673582381125,-0.7126096839325272,-0.08198833571036168,0.9474477671798874,0.8199596194318143,0.199384940241119
-0.012313584224461311,0.6306984093794037,-0.6139883358200778,0.2961469935352935,-0.3626425812930292,0.09159173754614722,-0.5369245706960588
1.2032581917800567,0.8743548660603148,-0.0025359775228915122,0.3535948796131797,0.5328889350890708,-0.9676789882442297,-0.1924132800073476
0.8520930120454181,-0.22209918900378495,-0.14060586488032067,-0.4406831708038084,0.3750835662880907,0.14427515999964277,1.5277609695028822
-0.444516882359401,0.6002413522942899,-0.6534368750650575,-0.8999063044870266,-0.34150343007954037,1.4960413592913837,-0.9144748429805835
-0.6065931191600035,0.14338549601758163,-0.47591844846264864,-1.1428662480004819,-2.386102689641092,-0.9300731145626455,0.7353249626871392
-0.30945335169223237,-0.3439274173442405,-0.5548155269526082,0.7351471568622726,-0.4572334258781129,2.044472096083782,-1.1378244596513998
-0.552567706893136,-0.4962127027698099,-0.4561941788401588,0.8407912980316801,0.3907390764487982,0.8381695518922424,-0.8836495559599438
1.0411819549794543,-0.8616973877911764,0.03691256172208825,0.286018719723572,0.8935606794882452,-0.12095361592854141,-1.4243787147964135
0.8791057181788519,-0.9835256161316319,-0.3970213699726891,-0.003042846790835795,-0.49139647292847505,1.285267051926805,1.580827837468836
-0.36347876395909984,0.3870419526984927,0.7272619985092341,-0.9077517495774865,-2.3577690358538206,-0.017547082131022407,-0.46013841478971285
0.36586430164361095,-0.5571268169400376,-0.49564271808513855,-0.5001346956515182,-0.4284528054124551,-1.0175021924396503,-0.7336584524747516
0.3118388893767435,-0.03935684649310165,-0.6337126054425677,-0.6455515655234414,-0.5655624270087751,0.6409920095483931,-0.7185223199546479
-1.254898066362413,-0.5266697598549237,-0.5153669877076285,0.3953548399895941,0.6595346806411189,0.6998748712716321,-1.0837415401527162
-0.8767201804943408,-1.0139826732167458,-0.43646990921766887,1.1869963284442475,-0.8732264723859613,-1.3326781558576992,-0.24338604926671392
1.8785758451159003,-0.4048415315144682,-0.29840002186023973,-0.26240593814381663,-0.7692079284098395,0.340726880170973,0.21475599519309774
1.365334428580659,-0.4962127027698099,-0.594264066197588,-0.5190210058394973,0.504864515812495,1.5050051739907597,-0.1899054053484929
-1.173859947962112,-1.1358109015572013,-0.7717824927999969,-1.3082542909259978,0.9248106375297181,1.7325549641306965,0.20583105077522726
0.5819659507110808,-0.2525562460888988,-0.25895148261525996,-0.029917935333593024,0.5165099862047365,-0.9167764350270559,1.674211177850169
0.5279405384442133,-0.5266697598549237,-0.12088159525783079,-0.730289657040223,0.41695264784060565,0.6141200286710756,1.802073381225118
0.4739151261773459,0.11292843893246776,-0.10115732563534091,0.09867364404492554,0.4012842340561412,-0.9832389155429316,1.4475963616946195
-0.39049147009253354,-1.2880961869827707,-0.6928854143100374,-1.608554522989132,0.9699635331023411,0.9305810673548013,0.170409288386713
0.9331311304457194,-0.9530685590465181,0.09608537058955789,0.0746033258144242,0.8228152113682659,0.48942886977340555,-0.7987152408217129
-0.6876312375603046,0.6916125235496315,-0.47591844846264864,-2.0009062173645713,-2.0883530580909166,-1.1661518427345283,0.5818925412745516
-1.0658091234283769,0.569784295209176,-0.5153669877076285,0.7404916624855943,-1.1947510309336404,0.4807576439967704,1.2564744727211792
1.2032581917800567,-0.709412102365607,0.07636110096706801,0.7606601441873506,0.8482310540496664,0.22003618652202117,-1.4069981430981806
1.797537726715599,0.9961830944007704,0.09608537058955789,-0.07546299537068323,0.5439570775054379,-0.9878295584936544,0.2275343747924597
-0.741656649827172,0.569784295209176,0.7075377288867442,-1.280729669128468,-2.4377288054283093,0.5806606859100598,-0.4263298540187599
-0.9037328866277745,-1.2880961869827707,-0.3181242914827296,0.6161313574163048,0.9855748701105804,-1.0943590279393918,0.9719281644278382
-0.4175041762259673,0.3870419526984927,-0.02226024714538139,1.1941373144671934,0.907721187659523,0.6234382454201425,-0.992068306120976
0.7710548936451169,-0.2525562460888988,-0.5548155269526082,-0.34691881509300565,-0.5473733520202764,-0.9725849727517085,-0.24371436268372138
-0.741656649827172,-0.9226115019614042,-0.416745639595179,1.7839681428735403,-0.8983078254174481,-1.6867436813074093,-0.10995615188305503
-0.6606185314268709,-0.5571268169400376,-0.3378485611052195,1.5345668226802132,-0.8250243567508204,-1.4567838327165015,-0.09652073109359045
-0.9307455927612083,2.610407119911806,3.05472581396304,-1.5134727167026936,0.42736956640089135,-0.2502132516174469,-0.6825408203602603
-0.9307455927612083,0.08247138184735388,-0.6139883358200778,1.6036537234505117,-1.4097734972004534,1.2576114908025076,1.33317510367499
1.365334428580659,0.6611554664645176,0.03691256172208825,0.19726558330164257,0.4474101361154191,-0.29289390620014966,0.12060515524196787
-0.8226947682274733,-0.9226115019614042,-0.7323339535550171,1.2234566016769306,0.8385900963202134,-0.0799749284895489,0.11993095949148631
-0.9307455927612083,-1.1662679586423153,-0.12088159525783079,-1.1523714659061182,0.7922288798693475,0.5426786191052094,0.09447921599515698
-1.0928218295618106,0.6611554664645176,-0.6139883358200778,-1.3941083030608066,-0.15198437042120608,1.627219220419392,-1.170916268099825
0.960143836579153,-1.0748967873869737,-0.061708786390361155,0.6601852589208081,0.8653483234450159,0.1250250421267972,-1.475751690528596
-1.1468472418286781,0.17384255310269553,-0.594264066197588,0.7654476418821515,-1.6033390393658211,-0.3260378700247085,1.5384350570903322
-0.6065931191600035,-0.8007832736209487,-0.2786757522377498,1.3410567636312323,-0.9310860277542684,0.07333181425421213,-0.1511527330053231
0.7440421875116832,-0.5571268169400376,-0.08143305601285103,0.18743279334452217,0.5940165675955397,0.7771029013270716,1.4606605942215145
0.4469024200439121,-0.31347036025912656,-0.19977867374779032,-0.07159397693698735,-0.025015319227646698,1.0692433875931642,1.6834391262984343
0.9871565427125868,-0.9835256161316319,0.07636110096706801,0.3449558927502478,1.0257230233674735,-0.5182841643426815,-1.3856004197064276
1.4193598408475265,0.569784295209176,0.05663683134457813,0.10604190552440144,0.4656452883567075,-0.4772783199103658,0.02049604581322702
1.3383217224472252,-0.6484979881953793,-0.43646990921766887,-0.06799640646002005,-0.6242988748888163,-0.5494508556986576,0.3798027867937714
-0.4175041762259673,-1.0748967873869737,-0.43646990921766887,1.2513323669431666,-0.9242687937971982,-1.5343371563504125,-0.10859436068491156
-0.9037328866277745,0.6002413522942899,-0.594264066197588,-1.1869534711126717,-1.6576278424011632,-1.079382248382014,1.7109302005260418
-0.5795804130265697,-0.5571268169400376,-0.3970213699726891,0.5394389177632162,-0.8035133929176541,0.6414560385115169,-0.2357001472870674
-1.254898066362413,0.2347566672729233,-0.5350912573301183,-0.14489352400050462,-0.5094086587026878,0.3614789271021098,-0.9931638332257374
1.8515631389824665,-0.8616973877911764,0.05663683134457813,0.17373673046225777,0.42564635022235087,-0.2396728876757474,-0.9043689414961399
0.9061184243122856,-0.46575564568469596,-0.10115732563534091,0.19343121746640593,0.10683319821577987,1.0206190224167435,1.0184631590663897
-0.6876312375603046,0.44795606686872047,-0.574539796575098,0.7448771912092298,-0.3225024524589243,0.8232404005118206,-0.652891971431792
-1.254898066362413,-0.4048415315144682,-0.5350912573301183,0.6272843809297655,0.4047694751378352,0.32970073615018236,-1.0746374594259778
0.6089786568445146,0.11292843893246776,-0.14060586488032067,-0.8072859451028243,0.6061460569682049,-0.8314440113436569,3.0725813783395513
-0.6876312375603046,-0.5571268169400376,-0.5548155269526082,0.6478098784627394,-1.2607027967680082,3.162236923162686,-0.5723971105396205
0.8791057181788519,1.2702966081667952,0.03691256172208825,0.18223032122033658,0.28544637245554955,-1.2377722159712294,0.10008198541952275
0.8520930120454181,-0.9530685590465181,-0.061708786390361155,0.12496196081713197,0.6243207811807916,0.0546959311398695,-0.8871875020180299
0.20378806484300854,0.5088701810389482,0.7075377288867442,-0.961895410080094,-2.461221813809776,-0.30769014311679155,-0.5221188819692091
-0.7146439436937384,0.5088701810389482,-0.6337126054425677,-0.07888786101277602,-0.11252328451946846,0.10089011727745335,-1.243252491118667
-0.6876312375603046,-0.06981390357821553,-0.594264066197588,0.42836055204413176,-0.7459560198864996,3.853629489451646,-0.9657496636334906
0.28482618324330977,0.17384255310269553,-0.6139883358200778,-0.4380615776086614,-0.5473542189989992,0.006033635884067669,0.030086625897986167
0.257813477109876,0.052014324762239994,-0.061708786390361155,-0.8146789723783381,0.5336789019647808,-0.6883232150244417,3.3523667843242855
-0.5255550007597022,-1.2880961869827707,-0.061708786390361155,-0.1451073880661461,0.6933890942157529,-0.5608874403776049,0.07804170455733823
1.0141692488460206,-1.1053538444720874,0.07636110096706801,0.8433025087663165,0.8668975595262417,0.2284035179514336,-1.4189773983138132
-0.552567706893136,0.32612783852826494,-0.5548155269526082,1.6161621307766116,-0.44299592328713555,0.1337545054691579,-0.6429702576881987
-1.362948890896148,0.6306984093794037,-0.6139883358200778,-0.438976413233738,-0.3112784691715844,0.9940762818981675,-1.0252422484258958
0.4198897139104784,0.47841312395383434,-0.02226024714538139,-0.3690381369951594,0.9951712628253357,0.5704113241874704,-0.287902547260095
-1.1468472418286781,-1.1662679586423153,-0.29840002186023973,0.6616141302078205,1.1966259172576248,-1.2479427928961135,2.0116584060433316
-0.6336058252934371,0.08247138184735388,-0.5548155269526082,-1.234058946089283,-2.2859269298356337,-1.1949538146323742,-0.15288810524960705
0.39287700777704465,-0.4962127027698099,-0.16033013450281056,-0.4340396962509116,0.5456099905475205,-1.4648191215989566,1.5478518751210866
-0.4985422946262685,0.6916125235496315,-0.6534368750650575,0.48174474569931097,-0.35648562935906414,1.4621239180492966,-1.0917931371287033
0.4739151261773459,0.26521372435803714,0.03691256172208825,1.4870228447921825,0.9571890649815128,0.6547097210855392,1.7137142894655828
1.2032581917800567,-0.8007832736209487,0.13553390983453764,0.5638269797907609,0.8875624353485816,-0.3987349834382023,-1.5007218343320987
0.3118388893767435,-0.3439274173442405,-0.23922721299277008,-0.5467867379815089,0.47702595952994475,-0.05123812229066238,2.6452432692786068
-1.2278853602289792,2.2144653778053254,2.9363801962281006,-2.4947433117424693,0.4384938411740869,-0.06736215817608461,-0.6596683210377673
-0.9847710050280757,2.062180092379756,3.05472581396304,-3.0949667266748007,0.5524567465880958,-0.40095844115983736,-0.5257401816593068
-0.7146439436937384,-0.6180409311102654,-0.25895148261525996,0.7183358281107786,-0.7458989772242837,-1.4525179626064224,-0.04724695627088223
-0.741656649827172,0.26521372435803714,0.7272619985092341,-1.2897783006028989,-2.330694741541492,2.604159933146465,-0.41206498260213803
0.5819659507110808,0.2042996101878094,-0.4561941788401588,-1.3774324406765595,-0.10827922130532028,-0.8975086120680509,-0.2775590375811541
1.3113090163137915,-1.1662679586423153,-0.416745639595179,0.3579306679236071,-0.6644839296279199,-0.4934629366817409,0.4471049209161508
-0.6336058252934371,-0.8921544448762904,-0.37729710035019925,0.2012410927067012,1.1461011673008878,-0.4224566241946143,1.5950382986721459
0.554953244577647,-0.22209918900378495,-0.16033013450281056,-1.0349099338616465,0.4795553664885024,0.9885557326596996,1.6122692119395112
1.6354614899149964,-0.7703262165358348,-0.43646990921766887,0.42750929367181484,-0.3124711478791418,0.6027037076540018,1.6260728890173362
-1.173859947962112,2.2144653778053254,3.05472581396304,-1.7215170642256459,0.4741605713313333,-1.0409881683938826,-0.5471582863844461
-1.254898066362413,-1.227182072812543,-0.8309553016674665,-1.94202959270843,1.024307594098606,1.406741448273461,-0.03429131706635326
-0.30945335169223237,0.5088701810389482,-0.6534368750650575,-0.9397589004422654,-0.33836841328536343,-0.13328582455855945,-1.00864529232899
-1.254898066362413,0.17384255310269553,-0.4561941788401588,0.41024109550720583,0.4714373025414681,-0.3127362589472108,-0.8868082635646013
-0.7686693559606058,-0.4962127027698099,-0.5548155269526082,0.39898886048804244,0.6757166251655362,0.1752607312630328,-1.166340425736162
-1.2008726540955454,0.7220695806347454,-0.5548155269526082,0.039888334723426074,-0.5008593496976831,-0.5303479287553988,-0.986513244058752
-0.9307455927612083,-1.0748967873869737,-0.43646990921766887,0.5568685385667261,0.9144939423357852,-1.161858854299776,0.7676864442382988
-1.0928218295618106,0.5088701810389482,-0.574539796575098,-0.14322610091578725,-0.11037717986846216,1.0346000442633445,-1.123586793068472
0.554953244577647,0.2042996101878094,-0.5153669877076285,0.09594578821554173,-0.5417132948606437,-0.34152176831153885,-0.32023971664526385
1.2032581917800567,1.057097208570998,0.07636110096706801,0.4723037510258267,0.3348993064951618,-0.30200231458474347,-0.1578296144035533
-0.7956820620940396,-0.4352985885995821,-0.5548155269526082,0.28858725868977675,-0.8591153541172571,1.183577265720213,-0.7753779231369369
-0.8226947682274733,-1.4099244153232262,-0.7717824927999969,0.7600195316933098,0.9039375410205248,0.8499047810046154,0.14226366984202501
-1.3359361847627143,-1.1053538444720874,-0.8309553016674665,-2.8876210148419945,0.8952335321683618,0.45121830862315365,0.25793753159047395
1.1492327795131891,-0.8312403307060625,-0.416745639595179,-0.19332893003073723,-0.6720278866796832,1.0549453691715591,0.6250723106988896
-0.14737711489162997,0.11292843893246776,-0.02226024714538139,-0.4712168153523264,0.8684851155142461,0.24064395813982786,1.0615347518901201
0.4739151261773459,-0.37438447442935435,-0.6337126054425677,-0.7428141494483511,-0.6118745677650416,-0.4007764239545597,-0.023088980969986603
1.8515631389824665,-1.0444397303018598,0.13553390983453764,-0.07714171431256894,0.5389260849089507,0.449200169835652,-1.0278062382177733
-0.7686693559606058,-0.3439274173442405,-0.5153669877076285,-0.00792025076553211,-0.6496692435967366,1.8276052244439247,-0.9988038304609277
-1.3089234786292805,-0.46575564568469596,-0.29840002186023973,1.3278488055100401,-0.8172580490796105,-2.292233391712924,-0.23908982920341218
0.36586430164361095,-0.2525562460888988,-0.10115732563534091,0.009119100905051703,0.5426160558269061,-1.2050230835595288,1.9388521217929804
-0.30945335169223237,-0.03935684649310165,0.09608537058955789,1.3523411180728697,1.042234478692022,0.302185846420979,-0.9514447550826914
0.6359913629779482,-0.4048415315144682,-0.16033013450281056,-0.08677728539509592,0.524307414829171,-0.10763020991060769,1.2007386929778554
0.6089786568445146,-0.5571268169400376,-0.19977867374779032,-0.13541426236652296,0.4730794983984241,-1.8876165133314633,1.5029492487532525
-0.9037328866277745,-0.739869159450721,-0.43646990921766887,0.10900593610345474,0.9805200699758991,-0.5128295013290294,1.6751947194446766
-1.2008726540955454,-1.227182072812543,-0.7717824927999969,1.7430055650171652,0.8583094027450617,1.6975066401561882,0.27245641056752185
0.041711828042406154,0.5393272381240621,-0.6337126054425677,0.4214816189785348,-0.1301683788732483,0.78126732165437,-0.5744722098276778
-0.5795804130265697,-0.37438447442935435,-0.5350912573301183,1.153572031501486,-0.3856106105425742,3.0935369288706744,-0.7058228594490944
-1.254898066362413,0.813440751890087,-0.6337126054425677,0.7050700597129737,-0.15352364431418003,1.2531413200327595,-1.0631382329167418
1.7164996083152975,1.2398395510816813,0.09608537058955789,0.14683321882623945,0.24298632001692688,-0.35962416325462543,0.27898255533558053
-0.4175041762259673,-0.03935684649310165,-0.6534368750650575,0.6079891716412484,-0.4619912025217077,4.46665300403256,-0.6856629523509383
0.4739151261773459,-0.03935684649310165,0.01718829209959837,-0.2258902180213595,0.9353341673044699,0.138472803947179,-0.7279343749831069
1.0952073672463216,-0.5266697598549237,-0.061708786390361155,-0.22240816466285313,0.4944032126826622,-0.6691150010793052,2.995687559546797
-1.362948890896148,0.5088701810389482,-0.5350912573301183,2.0916114568810467,-0.6916920935942006,-2.3166708716852233,-0.031801388193291286
1.3923471347140928,-1.2880961869827707,-0.02226024714538139,0.4693079484089886,0.9579917626665955,0.04530043767046893,-1.3868260160439567
-0.1743898210250637,0.052014324762239994,-0.4561941788401588,0.7902085276958333,-0.2480579494186748,1.2268872332572458,-0.5858061959698683
-0.5795804130265697,2.09263714946487,2.916655926605611,3.193906074443538,0.4361232968694747,-1.0716802678003443,-0.5511344040871151
-0.6336058252934371,0.08247138184735388,-0.5153669877076285,-1.1054920193140385,-2.277509366438677,-0.8207433117090748,0.0962369283470577
-0.7956820620940396,0.29567078144315107,-0.6139883358200778,-0.09629454076566243,-0.14653145127752173,0.11590276716409262,-1.1264244908053354
-0.39049147009253354,0.021557267677126114,-0.04198451676787127,3.310764482266316,1.0550622270590106,0.24891519281665628,2.0209260558827
0.8791057181788519,-1.1662679586423153,0.01718829209959837,0.6526117809125098,0.8956576747795124,-0.040929139953610714,-1.4586026714572211
0.257813477109876,0.052014324762239994,-0.16033013450281056,-0.11476947137030169,0.7862845502270839,0.7192596759214117,0.875999929755729
-0.9577582988946419,-1.2880961869827707,-0.19977867374779032,-0.47911618118185034,0.9535489346301386,0.20737248701779545,0.10987703758607463
-0.30945335169223237,2.2449224348904395,3.03500154434055,-2.002030584504683,0.4592942416286657,0.010319564712172258,-0.5778409828663686
0.28482618324330977,-0.2830133031740127,-0.6139883358200778,0.10091905084821862,0.006054151020499589,0.5954903454303773,-0.019812072149818307
-0.2554279394253649,0.6306984093794037,-0.594264066197588,0.6195241114423216,-0.46740136424428236,0.16677196995907,-0.5455252420782142
-0.4985422946262685,0.08247138184735388,-0.594264066197588,-1.0804646738316248,-0.25118415492352275,0.8577862137710741,-1.0427441225501966
2.1487029064502376,0.17384255310269553,-0.574539796575098,-0.0995877027240979,0.49656914430570015,0.06527513516319546,-0.1791456841696919
-0.30945335169223237,-1.4099244153232262,-0.37729710035019925,0.38244660654843976,1.0391740921269743,-0.13819889574074118,0.8524824521551507
-0.4985422946262685,0.7829836948049731,-0.6534368750650575,-0.3266926050818092,-2.2754806956713685,-0.9841987101196885,-0.3958467190349619
2.3107791432508398,-0.5266697598549237,-0.5548155269526082,-0.4853858795681187,0.6025101073783605,0.5873129814808129,-0.583395197473038
-0.9847710050280757,-0.9226115019614042,-0.4561941788401588,0.11757393549080987,1.145803618184747,-1.1054582157522275,0.5834768828177642
-1.3089234786292805,-0.709412102365607,-0.35757283072770935,0.08170887859916247,1.0485609642316003,-0.17879117766584177,1.9322991503343763
-0.30945335169223237,0.7220695806347454,-0.5350912573301183,-0.5045529019550474,-0.5026298703355863,-2.4054462798373346,1.0251421988649494
-0.9307455927612083,0.7220695806347454,-0.5153669877076285,1.1517594035686525,-1.6069642578556147,0.13462849946603414,-0.05110129768571324
1.9055885512493338,-0.5266697598549237,-0.47591844846264864,-0.3744145903002094,0.46014219648372645,1.1376832540056647,-0.07253484932190257
-1.1198345356952444,-1.1358109015572013,-0.23922721299277008,-0.3519093727993227,0.9647969269976447,-0.742991714569168,0.06592485345890609
-1.3359361847627143,0.17384255310269553,-0.49564271808513855,0.36796530594903293,0.7063662982988131,0.9211348728396784,-1.08403636078687
-0.5795804130265697,-0.8616973877911764,-0.25895148261525996,0.5414580619900529,0.9069478257775031,-1.1947170593742484,1.0440923041080468
-0.7146439436937384,-0.4962127027698099,-0.5350912573301183,0.9740284626050255,-0.5930911441547141,-0.8398089839853815,-0.7389429158094273
1.068194661112888,-1.1967250157274292,0.07636110096706801,-0.14357258396519193,0.7973993606072323,-0.10041405452145426,-0.7947866486885938
-0.22841523329193117,0.7829836948049731,0.7272619985092341,-1.631385341426137,-2.496570917859077,-0.43853860663354427,-0.4873126478228885
-0.4985422946262685,-1.2880961869827707,-0.3378485611052195,-0.1003815060108873,0.9818644994643438,-0.34006532905382564,0.572982131165282
-0.552567706893136,-0.8616973877911764,-0.3378485611052195,0.14239485640438954,1.2200510118298424,-0.8568932037119757,1.9064231695319198
1.8245504328490327,-0.2830133031740127,-0.49564271808513855,-0.6827654956922219,0.5112230115138651,0.28605596383558757,-0.6603925113887126
1.0411819549794543,0.14338549601758163,-0.25895148261525996,-0.31158407410525907,0.478073727315341,-0.4806811108946804,1.1592266385639682
-1.0658091234283769,-0.8007832736209487,-0.35757283072770935,0.4124320565912039,-1.0269054870129026,-0.09669593744784176,-0.24563849696352605
1.068194661112888,-0.16118507483355718,-0.061708786390361155,-0.29631474500160626,-0.005676617859327743,0.05080145279560463,0.9150418031764744
-0.9847710050280757,2.64086417699692,2.9363801962281006,-0.43536746688402833,0.8735274977009245,-0.5136572888663389,0.17620899614583194
-0.741656649827172,0.6611554664645176,-0.4561941788401588,1.0718212980310569,-1.0881209195512989,0.7829217340915607,-0.21914119566843432
0.9331311304457194,-1.3490103011529986,0.09608537058955789,0.5119278107913406,0.961839689075189,-0.02848454733537216,-1.3569557133491543
-1.0928218295618106,2.64086417699692,2.9363801962281006,-0.6662135793841256,0.8453075346826432,-0.30968827087760065,0.38420907344552674
0.6900167752448157,-0.4352985885995821,-0.47591844846264864,-0.2592367320195284,-0.7088888549137752,0.6780958868077758,-0.7118211300299185
0.4469024200439121,-0.5571268169400376,-0.5153669877076285,-0.44449768301862863,-0.3677765429846946,-0.10837234380890845,0.09836322290376621
-0.4175041762259673,0.11292843893246776,0.6878134592642543,-1.1904574311741352,-2.423645323995266,1.2980280417559638,-0.4159273090609331
1.1222200733797554,0.843897808975201,0.07636110096706801,0.35330599411605745,0.45001717758020726,-0.0407627023476621,-0.164576914499657
-0.552567706893136,-1.0139826732167458,-0.19977867374779032,-0.582391018261798,0.9751016194469688,0.7584993800064233,0.12262024696103169
-0.6876312375603046,-0.06981390357821553,-0.47591844846264864,-0.015385014930782114,-0.4386060455784668,3.767528807329596,-0.696510505555825
-0.6876312375603046,0.2042996101878094,-0.5153669877076285,-0.7711907439035682,-2.2560445193587317,-0.7508148350105072,0.5643035439151008
-1.362948890896148,-0.9835256161316319,-0.3181242914827296,2.0131687214274834,-0.77116743526903,-0.05107156223398586,-0.20304275671187402
1.0411819549794543,-0.8616973877911764,0.11580964021204777,-0.1735724016825365,0.6342414863491803,-0.15036240078188517,-0.989233099433949
-0.7146439436937384,-0.8007832736209487,-0.7717824927999969,-1.310351157597847,0.9788470601917953,-0.4029618819932424,0.29186401260820743
-1.0117837111615093,0.2347566672729233,-0.5153669877076285,-1.1987175130672876,-0.36637452994745034,1.622885284461557,-1.0285870481352388
-0.8226947682274733,0.2042996101878094,0.5891921111518049,-1.446276580049307,-2.546836698052466,-0.14310176613289202,-0.22890401140453714
-0.5795804130265697,-1.1053538444720874,-0.37729710035019925,0.7066496081327427,1.087612037005912,-0.6577134063733409,1.9634264949356919
-0.30945335169223237,-0.8616973877911764,-0.23922721299277008,-1.3038331806426011,1.057493052612314,-1.1625816242268077,0.07743652994006163
-0.9577582988946419,-0.8007832736209487,-0.3970213699726891,1.6043926477629442,-1.1361415800814223,-2.529236959290369,-0.2280046619808424
0.9331311304457194,1.2702966081667952,-0.02226024714538139,0.0696946240405903,0.3098232577431456,-0.3324585313556284,0.3001306148998018
1.5814360776481289,-0.8312403307060625,-0.061708786390361155,0.5262803838961341,0.8505977268631693,-0.3160858534688857,-1.4879158950486382
-1.362948890896148,-1.0444397303018598,-0.3378485611052195,-0.01271689950979161,1.029897974293386,-0.25496697831315623,1.3716296614623835
0.4469024200439121,0.2042996101878094,-0.4561941788401588,-0.12908908976808978,-0.20888633614153945,-0.9274120927023605,0.10665994926504546
1.0952073672463216,0.08247138184735388,-0.2195029433702802,-0.41981994509621556,0.40977140888314506,-0.1370026204532779,3.0234882034471466
-0.6065931191600035,0.6611554664645176,-0.5350912573301183,-0.15786094164423012,-0.9378516692108667,-0.5958242632980836,0.1988466412769125
1.9055885512493338,-0.008899789407987767,-0.574539796575098,-0.40397877200561294,0.23728630413149668,1.9426196953118309,-0.4229498518755139
1.1222200733797554,0.6611554664645176,-0.061708786390361155,0.6692039470060657,0.2923046132464451,-1.025181372695965,-0.23511145992943555
1.284296310180358,-1.0748967873869737,-0.416745639595179,0.38598958493615887,-0.13227682524969558,0.06000118751025375,1.1661082233336642
0.7170294813782495,-0.5266697598549237,-0.2195029433702802,0.25397607316940446,0.44978619073015896,-0.430034091721324,1.6600026346587866
1.0411819549794543,0.021557267677126114,-0.19977867374779032,-0.20827353251479075,0.5429209794041973,0.27787876616121626,2.3127377606019888
1.3113090163137915,-1.0444397303018598,-0.29840002186023973,0.3812215076067146,-0.7147406408814403,-0.2526608444386072,0.4964765187145508
-0.36347876395909984,0.3565848956133788,-0.6337126054425677,-0.5362745962828026,-2.3550883413467028,-1.013393944772136,-0.7235710061229113
-0.5795804130265697,-0.9530685590465181,-0.10115732563534091,-1.1553033224179152,0.7411577074330641,-1.1702552297526596,0.0488257498290593
-1.3089234786292805,2.366750663230895,2.97582873547308,-0.6067268027969503,0.8882077633164639,-0.5831126262676976,0.37965349849917146
1.0952073672463216,-0.8921544448762904,0.13553390983453764,0.13418052195212943,0.5230239349546655,-0.27155099584293796,-1.0297321449298522
-1.2008726540955454,0.47841312395383434,-0.574539796575098,0.2543386744780267,-1.3351017490782586,-2.2154980028441473,-0.16172974935401369
-0.3364660578256661,-0.8921544448762904,-0.29840002186023973,0.5280982460184844,1.1474906856336093,-0.6392040947751252,0.7203527122759186
-0.4985422946262685,0.2042996101878094,0.6878134592642543,-1.1498155323202601,-2.3340104086194047,3.0413041122027225,-0.21098596253923851
-0.7956820620940396,-0.46575564568469596,-0.5548155269526082,0.2970344755435642,-0.3533484090692518,-0.8706532522657192,-0.7488649296290801
0.5819659507110808,-0.3439274173442405,-0.10115732563534091,0.1921540869338083,0.4248249755664217,-0.15079594853668812,1.418247687455991
-0.7956820620940396,-0.9226115019614042,-0.12088159525783079,-1.1791161622399966,0.8464594229110085,0.5581035644562772,0.018543495113066782
0.6359913629779482,0.021557267677126114,-0.19977867374779032,0.014141260860008008,0.5400030875019902,0.8384795236623873,2.0749447236195824
0.7980675997785507,-1.1358109015572013,-0.04198451676787127,-0.015421423968676372,0.4472113443609986,0.6064202457577144,-0.9986152622283204
-1.0658091234283769,0.2042996101878094,-0.49564271808513855,0.3422654685968281,0.7658773343697096,0.7260050572458197,-0.9509435039564635
-0.9307455927612083,0.5088701810389482,-0.5548155269526082,-0.15191226769355143,-1.405659593741821,-1.1089734500166926,0.33135639682294493
1.6354614899149964,-0.4352985885995821,-0.5153669877076285,-0.5814710674947656,0.3999872468296983,-0.4314607883419445,-0.26897691541245283
-0.6336058252934371,-1.3794673582381125,-0.35757283072770935,0.1684085597256853,1.2056377336674133,-0.5946924061156689,2.144949584033219
-0.28244064555879866,-0.13072801774844328,-0.6139883358200778,1.0614912854405956,-1.1467468429809913,0.28036491033807864,-0.905999300221724
-0.3364660578256661,2.397207720316009,2.9363801962281006,-1.0074404252303983,0.45344505820076325,-0.6943086078456073,-0.6628298987452824
1.5274106653812614,-1.2576391298976568,-0.04198451676787127,0.7785570461866285,0.9955369887876874,0.11600788917972671,-1.3791085498479085
-0.6336058252934371,0.29567078144315107,-0.574539796575098,-0.9072938614294993,-2.255590996506532,-1.1698039627331922,0.5429478659288375
1.5274106653812614,-1.2880961869827707,0.11580964021204777,0.5869335455579123,0.8930813507351371,-0.4843191168358732,-1.345063035081024
-0.8226947682274733,2.7017782911671477,2.916655926605611,-2.8657901939718866,0.3849721342648932,-0.33791387622648666,-0.6307378232603648
-1.3359361847627143,-0.16118507483355718,-0.47591844846264864,0.7343617825331739,0.6358147409368115,-0.30538557661154636,-0.8064871201426661
-0.6876312375603046,0.11292843893246776,-0.47591844846264864,0.40430246058369956,-0.57634857899014,0.6512013376170068,-1.2085371667342695
-0.9847710050280757,2.366750663230895,2.9561044658505904,1.5380635540176002,0.5578329953951622,-1.1690447488919171,-0.644789185556263
-0.39049147009253354,2.1840083207202117,2.916655926605611,2.319006201019572,0.41384750863381287,-0.4053774636164743,-0.6645028589906304
-0.9847710050280757,0.052014324762239994,-0.6534368750650575,0.3420635268517534,-0.7254763274712235,2.0372481953639143,-0.5442353233727533
0.6900167752448157,-0.2830133031740127,-0.061708786390361155,-0.018560950169706963,0.5854352250875795,0.3495462262137648,1.1906580681246017
2.0406520819165026,-0.46575564568469596,-0.49564271808513855,-0.043059498092530575,0.5472994437326433,-0.37772242451895993,-0.27148390385517013
1.5814360776481289,-0.739869159450721,-0.3970213699726891,-0.45275248388387934,-0.49033911461797286,0.32858893639683684,1.6527034746718303
0.20378806484300854,0.3870419526984927,0.6089163807742948,-0.8956551453317907,-2.3388380125988117,2.8981263685617584,-0.17837458132150974
0.041711828042406154,0.6002413522942899,0.6089163807742948,-1.6247805924595886,-2.36510868635235,1.7666127467953938,-0.17018443218637794
-0.30945335169223237,0.3565848956133788,0.09608537058955789,1.9027849084574986,0.9280443367245698,0.117270677124147,2.4067662499535496
0.8520930120454181,0.7525266377198593,-0.04198451676787127,-0.10246927627806146,0.6074692249007827,-0.9423330978870568,0.12894550818574213
1.176245485646623,-0.4352985885995821,-0.594264066197588,-0.33019676615800797,-0.6262674722335648,-0.743300088035086,-0.009549621949533616
-0.4715295884928348,0.813440751890087,-0.5153669877076285,0.5829400697290299,-0.2568531571353078,0.1600880460100315,-0.6053989671402393
-0.4175041762259673,0.813440751890087,-0.4561941788401588,0.48977637727311085,-1.1898011520233929,-2.028601989384373,1.7061831428424277
-1.0658091234283769,2.09263714946487,2.8969316569831207,-2.6231774282772125,0.5443981397671234,-1.06024219180044,-0.6136865097910871
-0.4715295884928348,-1.1967250157274292,-0.7915067624224867,-0.8881873113007274,0.9661582496533808,1.5656402424575324,0.13334045054304214
0.5009278323107796,0.052014324762239994,-0.19977867374779032,-0.5609358685613102,0.5027112301626756,-0.9911499684957562,3.0566247565298013
-0.8767201804943408,0.6306984093794037,-0.6534368750650575,-0.13260978284257408,-2.206851668725302,-0.9814050174081219,0.7846334153110759
-0.444516882359401,-0.739869159450721,-0.7915067624224867,1.2286327350159847,0.8848360455757966,-0.024646862927212028,0.03619129209434048
-0.28244064555879866,-0.2525562460888988,-0.5548155269526082,0.7403977554269855,-0.6169098510958492,0.5268426865790573,-1.1830519108018334
-1.0117837111615093,0.11292843893246776,-0.4561941788401588,0.5303159381590877,0.6628406629315335,0.5069767756010884,-0.9623112314587654
0.8791057181788519,-0.2525562460888988,-0.5350912573301183,-1.3172573759742718,-0.5695725718124776,-0.9712778499104101,-0.4294905922776017
-1.0117837111615093,-0.709412102365607,-0.2195029433702802,-0.9208280723209987,0.9057288501068601,-0.24826964794294945,0.06393843001299783
-1.1198345356952444,0.08247138184735388,-0.6139883358200778,0.10812012856744485,-0.20948571747737527,-0.2678758087052297,-1.0349287594967824
1.2032581917800567,0.052014324762239994,-0.12088159525783079,0.23658546483735093,0.4806571232834758,-0.6690982717320979,1.6376332800898574
-0.36347876395909984,-0.03935684649310165,-0.02226024714538139,3.4147431382891837,1.0083007383767837,0.09411298512403217,1.9743864445494028
1.797537726715599,-0.8616973877911764,0.09608537058955789,0.6899900084260676,0.9285086521718097,-0.0719682518306341,-1.4345923142883572
0.3118388893767435,0.17384255310269553,-0.14060586488032067,-0.26506602273338953,0.1550733375044666,0.9092401703453319,1.6220876842327305
-0.03932629035789505,0.6916125235496315,-0.594264066197588,0.2869978390803813,-0.16779338060347887,1.1908268450019972,-0.7804086369511211
-1.2278853602289792,-0.8616973877911764,-0.8309553016674665,1.0027559682886233,1.0132500647298652,-0.5909339447499193,0.06290551143970403
-0.3364660578256661,2.4885788915713505,3.05472581396304,-0.3555533776801607,0.9974644105240411,-0.6499047583189671,-0.04602165964546342
-0.7686693559606058,-0.8312403307060625,-0.19977867374779032,-0.5196234196790188,0.6144663734460603,0.6680311318011023,0.12535885863673907
0.9331311304457194,-0.9835256161316319,0.07636110096706801,0.7894087056765787,0.837616631538785,-0.5086445621267619,-1.4495930970377318
0.041711828042406154,0.14338549601758163,-0.6337126054425677,0.9870961397633174,-0.46210150567986885,0.8992703314084411,-0.5820546902021292
0.5279405384442133,-0.19164213191867105,-0.6139883358200778,-0.18933694132057566,-0.04594838951058574,0.1689370521967947,0.01469704229567952
-0.28244064555879866,2.7626924053373756,2.916655926605611,-0.5592440134040481,0.9343155898887319,-0.6219198343852016,0.06685772059597044
-0.4175041762259673,0.6306984093794037,-0.5153669877076285,0.22246801261856594,-0.38025786673631023,0.5531471946970535,-1.1006226304273772
0.09573724030927362,0.7220695806347454,0.7272619985092341,-1.64738666861605,-2.440662096663325,1.7522689395356477,-0.35683220257864784
-0.5255550007597022,0.08247138184735388,-0.49564271808513855,1.1485918855778219,-1.617962501117205,-1.0413925097168821,1.295976053930491
-0.741656649827172,-0.5571268169400376,-0.594264066197588,0.17715808127388097,-1.0806305829880454,-1.3601944221908635,-1.2076076735876367
-0.30945335169223237,0.5393272381240621,0.7075377288867442,-1.0346434859025109,-2.470776262453206,2.1539257468915243,-0.3790816912287353
-1.362948890896148,0.47841312395383434,-0.5350912573301183,0.0558561744197047,-0.4289694216747135,0.7774479339627222,-1.2132632234610998
-1.2278853602289792,-0.5571268169400376,-0.5548155269526082,0.6530932834129048,-0.8021166904440398,4.136874046412418,-0.6732809825070438
-1.1468472418286781,0.569784295209176,-0.6139883358200778,-0.9776853829611577,-2.3201059238384167,-0.9774437673269413,-0.2816289416996884
0.9061184243122856,-0.4048415315144682,-0.10115732563534091,-0.11153374107820144,0.7582021887557486,0.9776805510508835,1.2021572738887376
-1.1198345356952444,-1.3185532440678847,-0.752058223177507,-0.6299703942592474,0.9912016135941981,-0.5921073024171237,-0.03345626307835431
-0.444516882359401,-1.3185532440678847,-0.6731611446875475,1.6529840568406224,0.9254871834064288,0.32976491708750705,0.2447032511104701
0.041711828042406154,0.3565848956133788,-0.5548155269526082,1.411782576571015,-0.23714811754795612,0.4440954568210543,-0.6280983758948768
-0.7146439436937384,0.052014324762239994,0.5891921111518049,-1.615962513177035,-2.5264939877455594,0.2312821476430179,-0.5054719935071406
-1.1468472418286781,-0.10027096066332941,-0.5350912573301183,0.5944644806514877,0.7933712000160356,-0.323318896746711,-0.9618418486284392
-0.39049147009253354,-0.2830133031740127,-0.5350912573301183,-0.08934141374671918,-0.9025848261557795,-2.5181126278319526,-1.1804359334240433
-0.7146439436937384,0.29567078144315107,-0.574539796575098,-1.2168476682719735,-0.6944821544708485,-2.3048911259333167,1.660283947320893
-1.0928218295618106,-0.4962127027698099,-0.5153669877076285,0.6136710443933043,0.7939456480513926,0.7733548676074369,-0.8157051646251672
-0.849707474360907,2.09263714946487,3.03500154434055,-0.436846230809,0.8501534682086511,-0.847857594217971,0.17361155305958145
-1.254898066362413,0.47841312395383434,-0.574539796575098,-1.2357672024876716,-1.0654512294265146,-1.4119252243912446,0.8317734226095412
-0.4985422946262685,0.11292843893246776,-0.594264066197588,-1.9603282411965448,-2.140397787775547,-0.9980881774911996,0.07333733810694869
-0.741656649827172,0.17384255310269553,-0.574539796575098,-0.7020813880308894,-2.0902391767402126,-0.7962067110957141,0.47695694044431464
1.473385253114394,-1.0748967873869737,-0.25895148261525996,-0.40136473540323553,-0.13464200826853304,0.3527292825909958,1.247053900555125
-0.09335170262476251,-0.22209918900378495,0.07636110096706801,-0.466152003193083,0.8960817549979371,0.04192659017113474,1.8751559847554797
-0.552567706893136,0.3565848956133788,0.6680891896417644,-0.9502007357735756,-2.52091988217723,0.817244114731777,-0.4836171596498044
-0.8226947682274733,0.44795606686872047,-0.49564271808513855,-0.00653169561835804,-0.33600674535601827,1.5951728288626643,-0.7310267557699861
-0.9847710050280757,-1.0748967873869737,-0.25895148261525996,1.0750321981243407,-1.0961059837516007,-2.1636593769784103,-0.21633734865839654
0.257813477109876,0.052014324762239994,-0.08143305601285103,-0.5032424595727603,0.488407987632761,1.7664422889387374,2.922680324422508
-0.6606185314268709,-0.6484979881953793,-0.3181242914827296,1.0405224879649435,-0.9655276632650109,0.4387914662045005,-0.24047018945023724
0.257813477109876,-0.22209918900378495,0.09608537058955789,-0.2140645523649561,0.9669818547370571,0.3766214366291324,1.4582709824675484
-0.39049147009253354,0.6916125235496315,0.5300193022843352,-1.4055167284809542,-2.4598822487096386,2.921514532164275,-0.59750266179979
-1.3089234786292805,0.6611554664645176,-0.5153669877076285,-0.32988977177030776,-0.4332523721654681,0.2434107400484821,-0.9243884128164167
-0.849707474360907,0.052014324762239994,-0.5548155269526082,0.36108868162549407,0.7345816052037873,0.9222983326212806,-0.8847839197126695
-0.8767201804943408,-0.9835256161316319,-0.25895148261525996,-0.4494439784511762,1.0549941655720132,-0.1304440125781746,0.14163512787070584
1.2572836040469242,-0.5266697598549237,-0.061708786390361155,-0.6546399178999018,0.46766876077751973,0.6049344505494133,3.1795361816943024
1.9596139635162013,-0.10027096066332941,-0.6337126054425677,-0.4945099384066987,0.18396690990150688,0.03646481728159306,-0.5950300643663851
-0.5795804130265697,0.569784295209176,-0.47591844846264864,-0.47013622844093883,-1.5603309009408648,0.6349709564976358,1.077983744103318
1.4463725469809603,-1.0139826732167458,-0.43646990921766887,0.3209916517520413,-0.8298356501942935,1.3191553357173813,1.3169691384949196
-1.2819107724958467,0.569784295209176,-0.47591844846264864,2.1330217979878636,-0.6064672590508714,-0.5647609409789132,0.35119266725044385
1.6084487837815626,-0.9530685590465181,-0.02226024714538139,0.6730085880312588,0.914876322218499,-0.2914174765390248,-1.426978300087257
-1.173859947962112,0.08247138184735388,-0.594264066197588,-1.4187150320400495,-2.1146186358399848,-0.9942877606395404,-0.4952152664069622
1.6084487837815626,-0.4352985885995821,-0.4561941788401588,-0.5809820786591772,0.2649557155285846,0.9525810238225588,-0.5135103842249114
0.7710548936451169,0.17384255310269553,-0.6139883358200778,-1.0154323964017493,-0.3456913245785093,0.2248499462978002,0.0937254464063778
1.689486902181864,-0.9835256161316319,-0.29840002186023973,0.08574150546305702,-0.7005492999305373,1.0410385034851848,1.3383705321316985
-0.444516882359401,0.6916125235496315,0.6286406503967846,-0.9613884567722814,-2.4954472661547347,1.953611768384571,-0.6936299173235866
1.7164996083152975,-0.4048415315144682,-0.49564271808513855,-0.009038544528396556,0.4352585534334918,0.3663418592229588,-0.14428239517368865
0.257813477109876,-0.22209918900378495,-0.5153669877076285,-0.13454880415717096,-0.26149760883776846,0.20061612637452533,-0.28069874431148456
-1.2819107724958467,0.7525266377198593,-0.594264066197588,-1.0478903159800046,-0.12511387633840482,0.5379687877727166,-0.9545956672608831
-1.038796417294943,-0.4962127027698099,-0.35757283072770935,1.0762517681850443,-1.078538035983954,-2.4790417536534095,-0.23781762099062972
-0.36347876395909984,0.569784295209176,-0.594264066197588,-1.3089230181605989,-2.1051714622875832,-0.9609415223926016,0.03743361244042479
-0.36347876395909984,-1.0748967873869737,-0.18005440412530044,-0.2802715189247645,1.0355923452081286,-0.05812062780594795,0.1251382909045678
-0.012313584224461311,-0.22209918900378495,0.07636110096706801,1.0928779662684582,0.8428213941621132,0.34059831721933864,-0.8977942408185379
-0.1743898210250637,0.08247138184735388,0.01718829209959837,2.6640014271746963,0.8894778565846697,0.06447055526102542,-0.7080106672323567
0.9061184243122856,-0.8616973877911764,0.07636110096706801,-0.23637232265412325,0.4404113236144844,-0.4439655158676986,-1.07630633652601
-0.30945335169223237,0.32612783852826494,0.09608537058955789,-0.5016923724971176,0.8812933021905076,0.16640204889093302,1.9103840188405885
-1.254898066362413,-1.1967250157274292,-0.14060586488032067,-1.1185946008271088,0.8244561292965049,-0.051040569310523067,-0.009759955432102993
-0.9307455927612083,0.6611554664645176,-0.5350912573301183,-1.3809803078207064,-2.1466326507187596,-1.018967337299571,-0.29668483872197166
-0.03932629035789505,0.47841312395383434,0.6680891896417644,-1.4183170033480175,-2.5171855289340703,1.0226010485514405,-0.392480331500859
-1.3089234786292805,-0.8921544448762904,-0.2786757522377498,0.6461782730813067,-0.7465756999551968,0.003883308314460649,-0.15634785738253082
-1.038796417294943,0.813440751890087,-0.574539796575098,-0.7167569352190447,-0.27934295825739075,-0.654480325651772,-1.2238309718451355
-0.4715295884928348,2.610407119911806,3.05472581396304,1.5142596271498536,0.4969177912691877,-1.0008406739113622,-0.5945834409130761
0.8520930120454181,0.6611554664645176,0.13553390983453764,0.3440233931992489,0.31633964833790007,-0.24321599817043607,-0.20380657748384137
0.960143836579153,-0.5266697598549237,-0.47591844846264864,0.18867851678841732,0.06517477291078581,-0.8797034192177232,-0.5462623802834925
-1.0117837111615093,-1.1053538444720874,-0.061708786390361155,-0.8447963700546799,0.9520813939687732,0.8890684393213387,0.05320017819351411
-0.6065931191600035,0.6916125235496315,0.6680891896417644,-0.9791283369892422,-2.5667134882071223,0.23802284748279168,-0.356590093425231
0.5009278323107796,-0.4962127027698099,-0.12088159525783079,-0.4927839224540197,0.5355102236411391,0.7781313340476136,2.687764847615559
-1.254898066362413,-0.19164213191867105,-0.5548155269526082,0.07736435688154271,-0.2910481223294124,-2.9343998970214002,-0.5670784909428229
1.1492327795131891,0.9048119231454287,-0.04198451676787127,0.7415034223419097,0.5415304318159264,-0.9080081638269434,0.10725021652586073
0.28482618324330977,-0.37438447442935435,-0.08143305601285103,-0.23679750199662625,0.47909104834805166,0.08784623791208251,1.0293595395048991
0.33885159551017724,-0.5571268169400376,-0.6337126054425677,-0.6939623892079777,-0.2731093157877235,-0.25436799060358706,-0.35707360949221395
-0.8226947682274733,2.3058365490606674,3.01527727471806,-0.4240098845307341,0.9093735099906141,-1.136672620356191,0.2315229843211982
-1.254898066362413,2.458121834486237,2.9955530050955703,0.5845456349200343,0.4271610741485748,-0.8114044278552095,-0.5461539157991193
-0.7146439436937384,0.813440751890087,-0.5153669877076285,-1.731335687522921,-2.345938643296002,-1.0746893526295325,-0.11977773157396573
-1.2008726540955454,2.1840083207202117,3.0744500835855297,0.4560838134805978,0.5158725228624447,-0.9489571511643579,-0.6084145588456071
1.176245485646623,-0.10027096066332941,-0.574539796575098,-0.4448712484125261,0.09810429691017507,-0.7688866752748376,-0.10489303877118505
-1.362948890896148,0.41749900978360655,-0.5153669877076285,0.8270968627832932,-0.09123579078387387,0.1598774642725475,-0.9424528514854252
-0.28244064555879866,0.32612783852826494,-0.02226024714538139,1.349979975571986,0.9892611324767056,0.5461915384064578,-0.5753558422900663
-0.06633899649132878,0.3565848956133788,0.5891921111518049,-1.5897235933365472,-2.5631030478160857,1.7934085220740044,-0.5506969212162651
1.068194661112888,0.11292843893246776,-0.47591844846264864,-1.2987026522776854,0.0610895629243447,-0.40073818710388226,-0.38238939505881403
1.3113090163137915,0.052014324762239994,-0.25895148261525996,-0.7531697104261992,0.3949637301386517,0.04116397091069705,3.1774150843312037
-1.2819107724958467,0.7220695806347454,-0.4561941788401588,-0.14324994555692144,-2.17904339311408,-1.1105593867184305,-0.7486806732838185
0.6359913629779482,-0.13072801774844328,-0.19977867374779032,-0.4428121081081477,0.0004942826643432404,1.3124816886067168,1.1126300801099336
0.14976265257614108,0.3565848956133788,-0.061708786390361155,2.4626466958686066,1.0114761394241287,0.362888587604228,2.0879017330925955
-1.1468472418286781,-0.9226115019614042,-0.19977867374779032,-1.2259970256932207,0.7064124060746632,0.6904272653507608,0.038609308258340906
-0.849707474360907,-0.5571268169400376,-0.47591844846264864,0.2980539032338144,0.5477474279959968,0.5330423759060747,-0.9869449960045894
2.2297410248505387,-0.10027096066332941,-0.4561941788401588,0.02707369218178237,0.4379506379796693,1.4174544393831205,-0.062307433229047124
-0.39049147009253354,2.64086417699692,2.9561044658505904,-0.4370042283910029,0.8993957949274126,-0.2421663569839894,0.019504526453738333
1.176245485646623,-0.4962127027698099,-0.14060586488032067,-0.15995756436615846,0.7011693500277998,-0.008021404204572861,1.3795148741792023
-0.6336058252934371,-1.227182072812543,-0.8309553016674665,-2.385355749268586,0.8939750354187411,1.115457151668552,0.14324521881503288
-0.5255550007597022,0.7525266377198593,0.5497435719068251,-1.5634171442545703,-2.533441777809061,2.6426334436987657,-0.2555735496247947
1.3113090163137915,-0.4048415315144682,-0.3181242914827296,-0.2729044830496947,-0.06696311032653132,0.74215602326848,1.0903170120940662
0.4198897139104784,-0.2830133031740127,-0.5548155269526082,-1.2695012728956403,-0.10848738812794961,0.34832565412416683,-0.4118050332081769
-0.6606185314268709,0.569784295209176,-0.5153669877076285,0.6215598657314187,-1.5199573847077903,-2.313442690281688,-0.211711454918205
0.7980675997785507,-1.0748967873869737,0.05663683134457813,0.4821879578200163,0.9146905745836871,0.30456890126427305,-1.5029124954765587
1.6624741960484302,0.021557267677126114,-0.6534368750650575,-0.02357275103519362,0.4545478595128155,-0.3793002588494385,-0.4816711578503318
1.5544233715146951,-0.22209918900378495,-0.6139883358200778,-0.25005353971995953,0.6031355006457629,0.5960810632045366,-0.6975118848432327
-1.3359361847627143,-0.5571268169400376,-0.2786757522377498,1.0169163869191946,-1.1107038860309006,-0.25310393948324655,-0.2027521762670865
-0.444516882359401,0.3870419526984927,-0.574539796575098,1.4416914126772096,-0.5053663946621404,1.4396083537943214,-0.5442529037536171
1.0411819549794543,1.1484683798263398,0.13553390983453764,-0.09750196407187087,0.39598452451608224,-0.25030165073064936,-0.16423855117328306
-0.8226947682274733,-1.3794673582381125,-0.7126096839325272,-0.05543158034765925,1.0559320287945075,1.0191181051881446,0.266017160474559
-0.849707474360907,2.123094206549984,2.9955530050955703,1.7911360941450174,0.4307142294883868,-0.3902290171626282,-0.6851464661320557
0.960143836579153,-0.4352985885995821,-0.10115732563534091,0.1098148818497751,-0.009111359884299388,-0.048606982274613506,1.633145079406883
1.8515631389824665,0.569784295209176,0.13553390983453764,0.07955118252646931,0.5341507552613193,-0.32110218025982995,0.1587317402687419
0.4198897139104784,-0.19164213191867105,-0.23922721299277008,-0.14220536565395744,0.134696974625801,0.13250350501839692,1.314183666548676
1.5544233715146951,0.2042996101878094,-0.6139883358200778,-0.551330373576713,0.23869886064174503,0.1148983489645321,-0.10170496356511431
-0.30945335169223237,0.2042996101878094,-0.6534368750650575,1.8560684731062103,-1.8158096323550628,-1.8892049609175812,0.24667960408388612
-1.0117837111615093,-0.7703262165358348,-0.29840002186023973,0.49708021450570006,1.0866291513716835,-1.0089797133613096,0.8684047917763783
1.5544233715146951,-0.8312403307060625,0.07636110096706801,0.6329457560336114,1.0246663145697417,-0.345393867818741,-1.4033257451318748
-0.28244064555879866,2.397207720316009,3.03500154434055,-0.1966219280548257,0.4159693622645135,-0.6418337151132042,-0.612323652585935
-0.4715295884928348,2.7322353482522614,3.0744500835855297,-0.86874803104333,0.9209797070793097,-0.8446871760447144,0.34910405780664494
0.4198897139104784,0.14338549601758163,-0.25895148261525996,-0.39396773662299855,0.36012442403857226,1.0980055501152093,1.4904535484449886
-0.30945335169223237,0.6916125235496315,0.5497435719068251,-1.0957645259494646,-2.5076781154288827,2.147578015924607,-0.6223053647997934
-0.552567706893136,2.0317230352946423,2.9955530050955703,2.4351900970672076,0.4851103062681518,-0.30272093149870066,-0.6851977485665245
1.068194661112888,-0.13072801774844328,-0.5350912573301183,-0.14498576829644771,-0.13831597747210744,0.0035593152916070085,-0.5331895310789145
-1.3089234786292805,-0.9835256161316319,-0.25895148261525996,-0.10815824699703531,0.9021052628053201,-0.22698437063156143,1.3915580947286683
-1.173859947962112,0.6002413522942899,-0.4561941788401588,0.3783724086663099,-0.37290835100513253,1.0547450990742366,-1.0581195272402304
1.7164996083152975,-0.4048415315144682,-0.6139883358200778,-0.24527118253790559,0.39027639982057727,-0.13708782811384707,-0.6169711456152844
-1.2278853602289792,-0.2525562460888988,-0.5350912573301183,0.5425132234648147,0.743775121800813,0.022379257315982396,-1.0973734417928747
0.9061184243122856,-0.5266697598549237,-0.3970213699726891,0.22482179758981521,-0.7131733409837859,-0.45096610513030205,0.678320190585566
1.0952073672463216,-0.37438447442935435,-0.2195029433702802,-0.21419003825301178,0.5281569647952533,-0.4346245065270077,1.617328983816372
0.33885159551017724,-0.31347036025912656,-0.574539796575098,-1.3787868057543258,-0.7140875461413079,0.22188646856409622,-0.22504650909149157
-1.038796417294943,-1.4403814724083401,-0.7915067624224867,1.0275708470505456,0.9618284570378539,-0.10459193669498444,0.07386886397780232
0.09573724030927362,0.41749900978360655,0.07636110096706801,1.969866062730653,0.9815195426490774,0.1499640441858505,0.6911966289996573
0.554953244577647,-0.5571268169400376,-0.47591844846264864,-0.6458502539042126,-0.5349598123549042,-0.8292298444098062,-0.643970213934499
1.3923471347140928,-0.7703262165358348,0.11580964021204777,-0.08330280229055527,0.39659140150757266,0.5057796998725578,-0.8709222215002161
-0.6065931191600035,0.17384255310269553,-0.5153669877076285,1.0388369774572417,-0.8367252040541465,0.7502419397262208,1.230821569080162
1.3383217224472252,0.6916125235496315,-0.061708786390361155,-0.003131269855208093,0.20202600333529794,-1.1336692803995285,-0.010339801009513214
-0.28244064555879866,2.0317230352946423,2.9363801962281006,-0.3468258740760865,0.9448189398807841,-0.7479563813318557,0.2962288035996377
-0.6876312375603046,-0.4048415315144682,-0.5350912573301183,0.4196360246291008,0.43536373275733337,-0.2846798585907042,-1.0769102500595429
-0.7686693559606058,-0.13072801774844328,-0.5153669877076285,0.5175392327576472,-0.44338523953531067,-3.5558436958818667,-0.5584491463741986
0.8520930120454181,-0.8616973877911764,0.05663683134457813,-0.24779946000905484,0.7197246492227231,-0.5098490828594922,-1.0052727857181245
-0.4715295884928348,-0.9226115019614042,-0.061708786390361155,-1.089165143881191,0.6462040855030313,0.8336664508996336,0.16345090125136147
-0.552567706893136,2.7322353482522614,2.97582873547308,-0.35407071836284154,0.8599517404444742,-0.8654186963671502,-0.019837364794771037
1.1222200733797554,0.2042996101878094,-0.49564271808513855,-1.3496495286052712,0.0034374552912746826,-0.9642604836092621,-0.6081961136647758
1.2572836040469242,-0.9530685590465181,0.03691256172208825,0.1321647754597993,0.660104511614732,0.3868565309085997,-0.8075336855346013
-1.362948890896148,0.3565848956133788,-0.6534368750650575,-0.41401060753433944,-2.1643505766854516,-1.062519477572679,-0.1367072583828553
-0.444516882359401,-1.3490103011529986,-0.23922721299277008,-0.5407511554075716,0.6689238249182663,-0.24970014311401537,0.1289882540113369
0.5009278323107796,-0.06981390357821553,-0.49564271808513855,-0.6568483438466843,0.0635029809070167,0.4277740728993419,0.05943914707894353
0.7440421875116832,-0.22209918900378495,-0.12088159525783079,-0.48557336386504135,0.31509239843827835,0.8064365169015414,0.9468169663149052
0.5819659507110808,-0.06981390357821553,-0.16033013450281056,-0.46374679357836646,0.11938448800358357,1.2278026220445994,1.7491705724293003
-0.9307455927612083,0.052014324762239994,-0.574539796575098,-1.1787530222899474,-1.0884169052583341,-0.07246261506120466,1.6210703317638273
-0.444516882359401,0.3565848956133788,-0.0025359775228915122,3.0906716530349967,0.8348388050229093,0.25168473051114293,1.746130965722409
0.9061184243122856,-0.10027096066332941,-0.08143305601285103,-0.01896074310757212,0.4473622176039016,-0.6888401001660827,1.4430576466918204
-0.6876312375603046,-1.1053538444720874,-0.16033013450281056,-1.3018265207969497,0.7320817629712453,0.1782134745793303,0.14421629151226573
1.2032581917800567,-0.4352985885995821,-0.37729710035019925,0.34513091803677554,-0.6933287764478174,0.8563201021948863,0.8302822593231921
-1.254898066362413,-0.22209918900378495,-0.6534368750650575,1.0596549689945782,-0.40559618757748245,-3.8217639794220193,-0.720310802567918
0.01469912190897242,0.569784295209176,0.5300193022843352,-1.3065078456310861,-2.5336555936421954,0.8177941479296755,-0.4229750147726007
-0.5795804130265697,2.7931494624224893,3.0941743532080195,-0.54074895205188,0.928710230053223,-0.3318534352882198,0.10888235550862556
1.0141692488460206,-0.9835256161316319,-0.416745639595179,-0.2250107239093201,-0.24309739865902286,0.9814163525873756,1.4245306668902502
0.041711828042406154,0.29567078144315107,-0.574539796575098,0.7818918084372894,-0.139962858618825,0.5918066421668516,-0.6519195142720595
-0.4175041762259673,2.1840083207202117,3.0744500835855297,-1.1580590744087302,0.39106612700049126,-0.4666276291526601,-0.5397306705512258
-0.444516882359401,0.44795606686872047,0.05663683134457813,0.34431557494771164,1.0206226267182028,0.2801237056072213,-1.1465023775991259
1.4193598408475265,-0.6180409311102654,-0.4561941788401588,0.2964536463931037,-0.704281928171919,0.5688212035377374,0.6577715461436011
-0.6876312375603046,2.7322353482522614,2.9955530050955703,-0.34713318852608394,0.9589861985859497,-0.5742463519505275,-0.0497831048640074
1.1222200733797554,-0.5571268169400376,-0.16033013450281056,-0.6642767828928131,0.39910601151489505,-0.14484313018679557,1.7603001514546182
1.5003979592478278,-1.3185532440678847,0.01718829209959837,0.41831686835561455,0.9231870957513131,-0.15356371907384228,-1.5130039569152272
0.20378806484300854,0.29567078144315107,0.6483649200192746,-1.1260005203680774,-2.546980631787827,0.058953783949722,-0.4438327814118495
-0.36347876395909984,-1.2880961869827707,-0.23922721299277008,-0.2605928886655192,0.6338221012956251,0.30984078014440775,0.0649036176527608
0.7440421875116832,-0.10027096066332941,-0.10115732563534091,-0.08955850966092206,0.6412272331848168,-0.156376566945967,1.0230034463294404
-0.3364660578256661,0.2347566672729233,-0.5350912573301183,0.9154318768460502,-0.18193027739211148,-2.2856307415337334,0.44441357895375316
0.5009278323107796,-0.19164213191867105,-0.16033013450281056,-0.04134422179119849,0.21547813007793343,-0.43776200221113554,1.4643876771827269
-0.849707474360907,-1.1662679586423153,-0.2786757522377498,0.1392220827564484,1.2666261159328085,-1.0103768129967554,2.0483882034332677
-0.8226947682274733,-0.7703262165358348,-0.43646990921766887,0.1554858298043917,0.9003825309559285,-1.188631840853627,1.159034730006224
1.0411819549794543,-0.4048415315144682,-0.10115732563534091,0.12924390645246983,0.06877070811513482,0.8433481155847281,1.5761935658015924
1.6354614899149964,1.057097208570998,0.13553390983453764,0.7542695969131353,0.31016015916369377,-1.2430270497101759,-0.12564517972929296
-1.0117837111615093,0.2042996101878094,-0.4561941788401588,-1.6483495213920885,-2.2822485702489255,-1.0102703530458106,0.453151062272277
1.2032581917800567,-1.1967250157274292,0.03691256172208825,0.20496419591010956,0.5780383052482245,0.11688453971289976,-0.8559412188402611
2.418829967784575,-0.4048415315144682,-0.6139883358200778,-0.557260278996226,0.25298621546988614,-0.5976576432729758,-0.4695527737981543
-1.0658091234283769,-0.5266697598549237,-0.29840002186023973,2.031033767470204,-0.8623702080372653,-0.6330413933013691,-0.1452816448127486
0.20378806484300854,0.7829836948049731,-0.6139883358200778,0.32486131031033166,-0.23963577120431592,0.7372556534490682,-0.7467608650853758
1.068194661112888,0.9961830944007704,0.13553390983453764,0.46434266391454604,0.5706978548659669,-1.0637427526009526,-0.10545617689972558
-0.30945335169223237,-0.4962127027698099,-0.6534368750650575,0.6663228145135608,0.5543176998718808,0.45369304039226543,-0.7917709727290019
-0.6336058252934371,2.0317230352946423,2.9955530050955703,-0.8060667477976005,0.8665598119885062,-0.46343483858711415,0.24291213732694772
-0.6336058252934371,2.610407119911806,3.0941743532080195,-0.6048092978654356,0.9860878132816221,-0.8991517500156782,0.03989593395205211
-0.36347876395909984,-0.9226115019614042,-0.7126096839325272,1.15996920445557,0.855827313711922,-0.09603170541305629,0.17764298484323293
-1.362948890896148,2.7931494624224893,3.0941743532080195,-0.8505148782301579,0.8375385997839021,-1.2231909251937707,0.19327653628717545
-0.30945335169223237,2.64086417699692,3.05472581396304,-0.8712015154201252,0.41269414856552367,-0.15452764217352957,-0.6201179033141305
1.5274106653812614,-1.3185532440678847,0.01718829209959837,0.04858591835751999,0.7884341556037902,0.3679066042152063,-1.057419007412955
-1.1468472418286781,-0.7703262165358348,-0.19977867374779032,-0.46001827078350066,1.0319406838729754,0.4828941204557293,0.04252406340939698
-0.7686693559606058,-0.7703262165358348,-0.43646990921766887,0.4077841938799094,-1.1680893944821429,-1.9618911839501085,-0.1911653184497118
0.554953244577647,-0.03935684649310165,-0.10115732563534091,0.17416476304304374,0.1131935185677416,0.3390779677048545,1.3993186858033324
-0.6336058252934371,-0.31347036025912656,-0.49564271808513855,1.1946520527049032,-0.6547058443566924,-0.7661911003973245,-1.0629461549406767
1.6354614899149964,-1.470838529493454,-0.02226024714538139,0.4781398664826933,0.8992481499470086,-0.2517446191194437,-1.495389178855037
-1.1198345356952444,2.09263714946487,3.01527727471806,0.7815001731848019,0.42550269927416634,-1.1593781147113145,-0.6422027832308917
1.3113090163137915,0.11292843893246776,-0.19977867374779032,-0.15160510156510681,0.47817620175739456,-0.14625298661007818,0.9645861294133443
-0.4985422946262685,2.579950062826692,2.9363801962281006,-3.1318269876149665,0.4170542312786178,-0.7231521717440478,-0.6171452741660657
0.12274994644270736,0.41749900978360655,-0.6337126054425677,1.7154980743589274,-0.07838273835099681,0.16364202239554038,-0.6020287239290281
-0.7146439436937384,-0.46575564568469596,-0.5153669877076285,-0.21551711801995033,-0.580084220934862,2.2336870285629535,-1.2444447005825399
1.3383217224472252,-0.4048415315144682,-0.5548155269526082,-0.6111657760694038,0.21621347279509226,1.2403380138102853,-0.30034875048635845
-0.6876312375603046,0.11292843893246776,-0.574539796575098,-1.644953387195959,-2.314778537064528,-1.1642344370708175,-0.2794815380933034
0.01469912190897242,0.11292843893246776,0.13553390983453764,-0.17130965101561904,0.8397175858505249,0.26635668509577554,0.09199439878765904
-0.6876312375603046,2.397207720316009,2.9561044658505904,-0.6369305899711184,0.8713368783084968,-0.9499654890761342,-0.05891659031497029
1.6084487837815626,-0.9835256161316319,0.11580964021204777,0.22518207844678353,0.7354445208470982,0.35804044882014824,-1.0170649827261002
-0.20140252715849744,0.32612783852826494,-0.02226024714538139,2.5383418994679117,0.9040603667130576,0.4587428181438992,-0.01972875327494871
0.4469024200439121,0.2042996101878094,-0.19977867374779032,-0.15311166016834224,0.31826920354639915,0.8924479002197859,1.0723719487404701
-1.0928218295618106,0.17384255310269553,-0.5153669877076285,0.5905416156395039,0.6982178827592216,0.8841240555548502,-1.2084713004941183
1.068194661112888,-0.4048415315144682,-0.18005440412530044,0.028027717873859017,0.4678028001037784,0.20203339042230883,1.6124760278537167
-1.0928218295618106,-1.3490103011529986,-0.3970213699726891,0.6692998798248223,1.0131075184471436,-0.24078558583074197,0.8497313133503067
1.284296310180358,-0.9530685590465181,-0.02226024714538139,0.6810259124300583,0.9190779924927875,-0.16545151534719113,-1.3560615181730717
-1.3359361847627143,-1.4403814724083401,-0.25895148261525996,0.2809556191169778,1.0898285983064153,-0.30689906115159343,0.797290150372187
0.39287700777704465,0.2042996101878094,-0.10115732563534091,-0.704738299319882,0.4694845462161657,-1.0461061099538527,2.2566434636671118
-1.3089234786292805,-0.4048415315144682,-0.416745639595179,0.8108164900602944,-1.0723936923182504,-0.6639862142517936,-0.24128196070236674
1.2032581917800567,-1.1358109015572013,0.13553390983453764,-0.061234005344557835,0.723156721826521,0.18443155729448765,-1.1505973003089165
-0.8767201804943408,0.14338549601758163,-0.6337126054425677,-0.8015212152478067,-1.465091473642156,-1.942584715541685,1.401700257920965
0.20378806484300854,0.2347566672729233,-0.6534368750650575,1.0472296158829761,-0.3234659967968752,1.2027623081209513,-0.7382282869481125
1.689486902181864,-1.0139826732167458,-0.0025359775228915122,0.36743966217402974,1.0520085542206317,-0.03760811125309721,-1.3843892286575312
-1.3089234786292805,0.41749900978360655,-0.594264066197588,1.7440024771054543,-1.0732488528598931,-0.7064699732214169,0.4667918611948992
1.5544233715146951,-0.5266697598549237,-0.574539796575098,-0.5465607447257668,0.27257346656739734,0.9909550670048994,-0.7049791085326288
-1.173859947962112,-1.1053538444720874,-0.43646990921766887,1.8167813081823827,-1.0182026025764177,-0.07119579784339071,-0.2133511043552653
1.8245504328490327,-0.6180409311102654,-0.35757283072770935,-0.2832312930655863,-0.18918777507374418,-0.1381167377477482,1.2732372163826504
-0.7956820620940396,-0.9835256161316319,-0.35757283072770935,0.41278629139331574,-0.8988126104028776,-1.3738373008663984,-0.047002238694033735
-1.362948890896148,-1.1053538444720874,-0.35757283072770935,1.930465203482179,-1.0533862065527548,-0.24571111476319404,-0.10125514882383814
1.1222200733797554,-0.4048415315144682,-0.35757283072770935,-0.43439531668857817,-0.729499880426916,-0.5716186096199127,1.2436637289452226
1.2032581917800567,-0.9835256161316319,-0.02226024714538139,0.45824872071297224,0.9929744409674999,-0.048710917162674144,-1.5048149032669835
-0.28244064555879866,-1.470838529493454,-0.37729710035019925,0.5662320274227286,1.1818152373781112,-0.8362522337686684,1.037881910688745
-0.4175041762259673,-0.46575564568469596,-0.574539796575098,-0.0499974182491631,-0.370679691799891,3.406720738834434,-1.2855352880710944
-1.1198345356952444,0.7220695806347454,-0.6139883358200778,-0.7659280044391595,-0.3526545557195931,-0.2436593419833943,-1.1879004498778183
0.257813477109876,-0.4962127027698099,-0.18005440412530044,0.19671637006101658,0.5162772420343765,-0.5623409575742868,1.0534876618782125
1.5544233715146951,1.087554265656112,0.09608537058955789,0.6903381015449547,0.3923521133568927,-0.723093238142611,0.16456384859936846
-1.2278853602289792,-1.3794673582381125,-0.8506795712899564,-2.8394590903350365,0.9330708549995068,0.11965766585816445,0.17135854233346154
1.473385253114394,1.2093824939965674,-0.04198451676787127,-0.11180521245412232,0.3286936720754331,-0.9142613808780441,0.09124348983905996
-0.28244064555879866,0.26521372435803714,-0.574539796575098,0.3393664496960741,-1.6743928505435868,-2.2840427154359086,-0.12446572195117049
0.9061184243122856,-0.9835256161316319,0.13553390983453764,0.5635890837304453,1.0483162249473967,0.0315653909772563,-1.497107140318753
-0.1743898210250637,0.6916125235496315,-0.5153669877076285,0.3281643063780058,-0.153852571136347,1.6827879841532638,-0.6266736102144133
-0.6065931191600035,-1.4099244153232262,-0.7717824927999969,1.7581392482064293,0.9288169193708135,0.33641164952839137,0.222191976397125
-0.4985422946262685,0.3870419526984927,-0.6139883358200778,1.8273880243866838,-0.27704854699376086,0.8927247690470992,-0.6044004635969006
-0.30945335169223237,-0.8921544448762904,-0.3378485611052195,1.5561820874480237,-0.7949504517752606,-2.2075249408432067,-0.08515857274091165
-0.552567706893136,-1.4099244153232262,-0.6534368750650575,1.49325811306232,0.8807090472754111,1.7475265801342652,0.22584896457519227
-0.9037328866277745,2.519035948656464,2.8969316569831207,3.0492298911782805,0.45652698147808946,-0.10308882824285058,-0.681543836486524
-0.7686693559606058,0.5088701810389482,-0.574539796575098,-1.433511748178449,-2.260657284533614,-1.2298523955463572,-0.6169930680912717
1.9326012573827676,-0.16118507483355718,-0.6337126054425677,-0.18126790344160348,0.18830830621751543,-0.20903761700717435,-0.7556524925078232
-0.1743898210250637,0.32612783852826494,0.11580964021204777,0.8244274768711107,0.8950703917972832,0.35186855580814325,2.3538344726265428
-0.09335170262476251,0.29567078144315107,-0.6337126054425677,0.362403813701074,-0.1945957252210498,0.2476199992540697,-0.5613601343675895
-1.0928218295618106,-0.2830133031740127,-0.47591844846264864,1.055716643412365,-1.2756116415027772,2.016764257521774,-0.8203225139315787
-0.7956820620940396,0.29567078144315107,-0.6139883358200778,-1.9143965439529602,-2.3435236466426943,-0.6313146060397895,0.09079019301446009
1.8785758451159003,0.2042996101878094,-0.6534368750650575,-0.6370714368978355,0.55755784975644,1.0551583651217966,-0.6914578929223472
-1.0928218295618106,-1.470838529493454,-0.12088159525783079,-1.0425494032511284,0.8818998497124952,0.53780888516872,0.10734318187248319
-1.1468472418286781,-1.1358109015572013,-0.8309553016674665,-2.6063439566792375,0.8449806847751853,0.8209206062919651,0.09210094125666393
-0.9577582988946419,0.7220695806347454,-0.5548155269526082,-0.0881027219153634,-0.20259546338260906,1.198711928089073,-0.9883915161985157
-1.0117837111615093,0.41749900978360655,-0.594264066197588,0.9742832243871186,-1.6466285047980864,-1.3985148616007752,1.350641768632328
1.3383217224472252,-1.1053538444720874,-0.0025359775228915122,0.8089060186929186,1.026007509511528,-0.1314234766085406,-1.3981348050778415
-0.444516882359401,0.2042996101878094,-0.5153669877076285,-1.5459776268906416,-2.391879745281944,-1.0756717786785364,-0.04883826016099724
-0.5255550007597022,2.5494930057415783,2.916655926605611,-0.671044507971364,1.0048272616905065,-0.08950591175486017,0.31438119603571646
-0.6336058252934371,0.5393272381240621,-0.47591844846264864,1.1477558691966043,-1.0442288584356232,0.7672008872033496,1.1291591338532674
-0.8767201804943408,-0.5266697598549237,-0.49564271808513855,-0.30539036514375995,-0.7933149799689495,0.9593907858723189,-1.2432671195081184
0.8791057181788519,-0.8616973877911764,0.09608537058955789,0.17737658819442978,0.38633614070559597,-0.5311329732552804,-0.8302949976692624
-0.8226947682274733,0.2042996101878094,-0.4561941788401588,0.3400361644399584,-0.10545786755879896,0.33088403037163605,-0.7672495994967142
-0.444516882359401,2.4276647774011226,3.03500154434055,-2.004085698659556,0.3885953907503231,-0.8571070735737173,-0.5192375925889672
1.7164996083152975,-1.3794673582381125,0.03691256172208825,-0.16330243199837055,0.7571859903432439,0.14413873700029575,-0.8261046716995862
-0.36347876395909984,-0.46575564568469596,-0.3181242914827296,1.2245065601877652,-1.1629658941205394,-1.3565238031097484,-0.2146665486331238
-0.22841523329193117,0.26521372435803714,0.5300193022843352,-1.4449548418098508,-2.358158863812125,0.6970780244871285,-0.3913362453929861
-1.2278853602289792,-0.6484979881953793,-0.29840002186023973,1.3154847326187378,-0.8461269031841996,-0.808172371852883,-0.18175226383496076
-1.2278853602289792,-1.1662679586423153,-0.19977867374779032,-1.428715655640011,0.7508626940146016,-0.9800974472994299,0.08590474549301413
0.33885159551017724,-0.19164213191867105,-0.25895148261525996,0.27376002929518783,0.7907261506080995,1.2412717482944438,1.6472865322152075
-0.7146439436937384,-0.709412102365607,-0.7323339535550171,1.3294617321338782,1.0358894261543876,0.16967012989712346,0.18013221857345224
-0.6336058252934371,0.26521372435803714,0.5694678415293151,-1.4413935827908093,-2.5463947555595845,0.13747178472200774,-0.6036664162296292
0.9061184243122856,0.11292843893246776,-0.4561941788401588,-0.5948415587149019,-0.15473929566445796,0.024849088478106858,-0.7087238166404486
-0.3364660578256661,-1.1662679586423153,-0.35757283072770935,0.6509648320568101,-1.0458703316142386,-1.7971350159574893,-0.11540200991626905
-1.2008726540955454,2.7017782911671477,3.03500154434055,0.32279615322508765,0.5164609495616996,-0.3160762004847369,-0.5992401185627296
0.8520930120454181,-0.16118507483355718,-0.23922721299277008,0.04107039699578856,0.4636428853760302,-0.1516908107153442,1.63571234747057
-0.03932629035789505,0.569784295209176,-0.6534368750650575,1.1661564711875405,-0.16178370647545634,0.8600460316248775,-0.5183611706867886
-0.4985422946262685,0.7525266377198593,-0.5153669877076285,-0.3146487174383647,-0.40776645167961406,0.6925241128876208,-0.9088885588141423
-0.9847710050280757,-0.4962127027698099,-0.6534368750650575,0.4643405366712301,0.562700446332101,0.14383382437860515,-0.9902742283357197
-0.552567706893136,-0.2830133031740127,-0.6337126054425677,0.8093391117708775,0.5140339331067787,-0.03535126444061527,-0.9542720644374955
-1.038796417294943,-0.739869159450721,-0.16033013450281056,-1.1514754456505918,0.8220056051475709,0.16018519970573028,0.14424911062527607
-0.6606185314268709,-0.8921544448762904,-0.2786757522377498,1.1102131979683154,-0.8619080247155639,0.44021578599206385,-0.247683432329468
-1.3359361847627143,-0.739869159450721,-0.37729710035019925,0.340854575443236,-0.99363429460913,-0.5384427132236792,-0.17875358812131537
-0.6336058252934371,0.47841312395383434,-0.5153669877076285,-1.4962037847367209,-2.0886637078841015,-0.6927344470369349,-0.622501540661114
0.23080077097644228,0.052014324762239994,0.6089163807742948,-1.0179290072214797,-2.4483152867706637,2.9599134676459675,-0.38397387453874815
-0.7956820620940396,-0.06981390357821553,-0.6534368750650575,0.738057672634931,0.7966878671730417,0.2698628296494366,-1.0018314721581185
-1.3089234786292805,0.08247138184735388,-0.49564271808513855,0.20887100316245583,-0.5229165690313003,1.3924955526149678,-1.2089743382466371
-0.1743898210250637,0.6611554664645176,-0.5153669877076285,0.8684159646678448,-0.32730991615606225,1.4240370630681602,-0.5849554843442718
-1.254898066362413,-1.0139826732167458,-0.4561941788401588,0.6537130176968579,-1.0548120405942496,-1.0378342037314592,-0.06135359552495113
0.06872453417583989,0.3565848956133788,0.5497435719068251,-1.0522432803165105,-2.469670675014161,2.9004053003295573,-0.47344356508253965
0.8520930120454181,-0.4048415315144682,-0.16033013450281056,-0.3419982339337913,0.6003036581881998,-0.2555779365479978,3.552237166077502
-1.3089234786292805,-0.9835256161316319,-0.08143305601285103,-1.3000584654421867,0.7124894674891448,0.12782846515981222,-0.010074922470478137
0.9331311304457194,0.14338549601758163,-0.14060586488032067,-0.744069326439607,0.398584060450106,0.7325575683636751,2.243756689097661
-0.6065931191600035,-0.4962127027698099,-0.3970213699726891,1.2784970416072199,-0.9387772118898294,-0.47935222018099793,-0.08592175168858414
1.3383217224472252,-1.0748967873869737,0.07636110096706801,0.12085674031137592,0.40141286631203466,0.5237094354238098,-0.8530158524904728
-0.7686693559606058,-0.06981390357821553,-0.6337126054425677,0.46501971276887255,-0.4529484119387058,2.7968059349941385,-0.6050700051658776
-0.7686693559606058,0.41749900978360655,-0.5153669877076285,0.6727359866793013,-0.31188408708683735,1.2969011109596367,-0.8810406885104286
-0.849707474360907,2.0317230352946423,2.8969316569831207,-1.3356263835229654,0.43455855552246647,-0.6937458101261434,-0.542227658581659
0.257813477109876,-0.31347036025912656,-0.08143305601285103,-0.8906373140242424,0.5167519869420121,1.2199742929360227,3.549357047339645
1.7164996083152975,-0.8007832736209487,-0.0025359775228915122,0.4366651616285687,0.9693611385120338,0.07558752807523136,-1.4017667733908306
0.33885159551017724,-0.4962127027698099,-0.10115732563534091,-0.4225378458172,0.6125489484608349,0.24773200686742405,1.4992830053487491
-1.362948890896148,-1.470838529493454,-0.23922721299277008,-0.24026854833467173,0.8728800905739913,-0.4084123443024828,0.039565146044893605
0.6089786568445146,-0.2525562460888988,-0.2195029433702802,-0.36658906908774425,0.14352840693089555,0.35178959957941996,1.4180081343173305
1.3923471347140928,-0.8921544448762904,0.11580964021204777,0.4177025185343302,0.8752526081046805,0.29479268786157614,-1.465556509046444
0.663004069111382,-0.46575564568469596,-0.18005440412530044,-0.41692149020767977,0.5994024603430664,-0.3282352006280843,3.2860762358968056
1.0411819549794543,-0.9530685590465181,0.07636110096706801,-0.1339311307621554,0.6583974802889351,-0.3254110086628262,-0.9136708203874565
-0.7686693559606058,-0.709412102365607,-0.7126096839325272,-1.912886086054178,0.945805677255906,-0.14920317779543385,0.28533666498826693
-0.7956820620940396,0.7525266377198593,-0.574539796575098,0.3080630845970247,-0.21005795797728127,0.5804532956252056,-0.60968484577092
0.663004069111382,-0.13072801774844328,-0.6534368750650575,-0.7898773488793542,0.0031046565291301172,-0.7108562317303909,-0.01582594839365332
0.7170294813782495,-0.5266697598549237,-0.49564271808513855,-0.16957435715952282,-0.6600894074765261,0.23067581933460987,-0.27116673310479855
1.284296310180358,-0.31347036025912656,-0.25895148261525996,-0.03419507417967656,0.22446087147727664,1.0958570747739673,1.5519211466960283
-0.5255550007597022,-1.227182072812543,-0.29840002186023973,0.8033658379101074,1.0670660067588107,-0.16408162426326922,0.817891915009762
0.6359913629779482,-0.31347036025912656,-0.49564271808513855,0.07212289375349287,-0.4286277757137569,-0.1862884567228287,-0.06869830975098203
-0.9847710050280757,0.41749900978360655,-0.5153669877076285,-0.3429560632930457,-2.095544663667179,-1.0892593366935541,-0.3405387543997103
-1.0117837111615093,-1.4099244153232262,-0.10115732563534091,-1.4404307202567732,0.8835047073381566,0.7008301390383563,0.11477909938541271
-1.2008726540955454,-0.19164213191867105,-0.594264066197588,0.6984132713491567,0.3968216849806272,0.31645749797868816,-1.1498884078318512
-1.0928218295618106,0.08247138184735388,-0.594264066197588,0.47096080280438946,-0.1255500665810183,1.10508278837705,-1.0417883799363419
-0.6065931191600035,0.3870419526984927,-0.49564271808513855,-0.7890673395113751,-2.118032479443734,-0.6104500011115073,0.3154771451394967
1.8245504328490327,-0.4048415315144682,-0.25895148261525996,0.14973984310974872,-0.5805392340305953,1.2765977067355476,0.3312602705781079
0.041711828042406154,0.2042996101878094,0.6089163807742948,-1.1962670692823145,-2.388204416006711,2.462449806581149,-0.5044920102433
-0.3364660578256661,0.2042996101878094,-0.5548155269526082,0.8323875706183104,-0.4848304190702085,1.3166098222722857,-1.029074289403566
-1.2278853602289792,-0.9835256161316319,-0.19977867374779032,-0.6146161842440847,0.848350848981855,-0.4675131154724979,0.16568283750297252
-1.2008726540955454,2.153551263635098,2.9955530050955703,-0.5076097876806474,1.0056969866694838,-0.642453479488745,0.1133747634435698
-0.28244064555879866,0.3565848956133788,0.01718829209959837,1.9019681055721045,0.8807470134737853,0.26898870675705683,1.1018917464018942
-0.9037328866277745,-0.31347036025912656,-0.5153669877076285,0.8739947910214312,-1.1463750905096977,-1.2521180816921436,-1.1336993733834433
-0.36347876395909984,2.4885788915713505,3.0941743532080195,-2.6845016142060536,0.3969265873525828,-1.235897818869682,-0.532325129870654
-1.254898066362413,0.17384255310269553,-0.574539796575098,0.1302942826055701,-0.17111304081587295,1.4845316135254865,-1.1381479527441238
0.09573724030927362,0.3565848956133788,-0.02226024714538139,0.4575689513291206,0.9029461232931953,0.3249120323710437,0.8471968534811558
-1.2008726540955454,0.569784295209176,-0.6534368750650575,-0.5051821854147307,-0.21235616577097446,1.547282523570298,-0.8892101738876477
-0.4985422946262685,-1.1967250157274292,-0.2195029433702802,-0.5567448967307234,0.7651316533124672,0.4582162207261805,0.024190830108689144
-0.741656649827172,-0.4962127027698099,-0.47591844846264864,0.6235866895017868,-1.221579245191453,1.9619707061388905,-1.2628437071343956
-1.1198345356952444,2.610407119911806,2.97582873547308,-0.454872260380763,1.0369486786901048,-0.7763903204806698,0.03641072248547291
-0.5255550007597022,0.26521372435803714,0.07636110096706801,1.6028370005806918,0.9681038990431783,0.6719053761294571,1.4316273037430174
1.2032581917800567,-1.227182072812543,-0.04198451676787127,0.830919386313537,1.0020197945898328,-0.44306792368231035,-1.4571230085995062
0.33885159551017724,-0.3439274173442405,-0.5350912573301183,-0.4529073998904732,0.04001042094521495,-0.8653244634435299,-0.6597073112722652
0.8791057181788519,-1.4099244153232262,-0.061708786390361155,0.6832753375764599,0.8662725208649815,0.3020566016121409,-1.4198534528093427
1.7705250205821652,0.843897808975201,0.13553390983453764,0.16394574766689624,0.550295355270284,-0.7143588200571521,-0.14979693932493163
0.8791057181788519,0.7829836948049731,0.13553390983453764,-0.08501063324028142,0.5344672421409243,-1.1661604722883887,-0.08531291155762122
-0.39049147009253354,-0.739869159450721,-0.6928854143100374,-0.9565222783971757,0.8741809730815744,1.7526506004061124,0.11639858749633678
1.0141692488460206,0.7525266377198593,-0.061708786390361155,0.6871502927754474,0.3481421092320863,-0.18753238854425858,-0.2052057018560833
-0.14737711489162997,0.14338549601758163,0.01718829209959837,0.8830321734770783,0.8486115495822726,0.46151119320095757,-0.5115259967104495
-0.8226947682274733,0.6002413522942899,-0.5153669877076285,-1.8628774411249476,-2.204300681963086,-0.6360340207528589,0.4919702006437681
-0.06633899649132878,0.26521372435803714,-0.6534368750650575,-0.042391428546917576,-0.2155431310183709,1.377724799628033,-0.683103644218725
1.8785758451159003,-1.0139826732167458,-0.2786757522377498,-0.39294861338225073,-0.9370802289350427,0.5624518877300505,0.4917815312333019
-0.4715295884928348,0.6611554664645176,-0.5350912573301183,1.4566357009537652,-0.1122681808608062,0.2847213398499733,-0.7470454338183949
-0.444516882359401,-0.19164213191867105,-0.574539796575098,0.33775416514842943,0.6287866581676198,0.12764974381251823,-0.91356219794916
-0.7146439436937384,-0.2525562460888988,-0.574539796575098,0.2489156716247426,-1.0151276300283458,-0.6668755964061573,-1.2485698283406972
1.7164996083152975,-1.3794673582381125,0.07636110096706801,0.7333595855137841,1.037400733293328,-0.06532269233881798,-1.3671001424887488
1.5274106653812614,-0.2525562460888988,-0.4561941788401588,-0.48721316401223935,0.5438297209339193,0.9770067987943215,-0.573477646761595
-1.2008726540955454,0.32612783852826494,-0.49564271808513855,-0.43860684276375655,-0.18113131429323437,0.7675755271358159,-1.2222901295022213
1.3383217224472252,-0.16118507483355718,-0.6337126054425677,0.026518996898518752,-0.18933214959800604,-1.1856574830505964,-0.5248158158280504
1.176245485646623,-0.10027096066332941,-0.2195029433702802,0.016154811803044015,0.4140344013322559,0.6164529715210888,1.9331521888687502
-0.8767201804943408,-1.2576391298976568,-0.7915067624224867,-2.5355442483808126,0.9146501719269083,-0.33990880608989144,0.2918271482005912
-0.8767201804943408,-0.9226115019614042,-0.7915067624224867,-0.7985726413357844,0.9874929724384244,-0.0724572929659263,-0.03408353122771038
-0.9037328866277745,0.6306984093794037,-0.6139883358200778,0.08727451604418848,-0.08444393630260591,1.1902841691593553,-1.2054179790920725
2.2567537309839723,-0.03935684649310165,-0.594264066197588,-0.31591746194845866,0.23125104584362083,1.965550216723353,-0.4954087525022204
-1.0117837111615093,-0.9530685590465181,-0.8506795712899564,-1.1545698489225298,0.8555915957875223,1.6682664093729387,-0.05788930567424522
-0.6065931191600035,-0.9226115019614042,-0.3970213699726891,0.8655613739268069,-0.9579561694752697,-1.0230813788199,-0.1322504020910069
-0.741656649827172,-0.2525562460888988,-0.5350912573301183,1.1479381290620072,-0.8816002082592228,3.2424775929852596,-0.5261187786523897
-0.3364660578256661,-0.5266697598549237,-0.5350912573301183,0.47744931646390737,0.6034893648082256,0.11163777998820211,-1.2234976752366074
-0.6336058252934371,2.7931494624224893,3.0941743532080195,-3.145024697497533,0.48717771798092463,-0.8629801300979998,-0.679262283595623
0.33885159551017724,0.14338549601758163,-0.02226024714538139,0.24345535223985648,0.8669404749490752,0.508340479700914,0.7517491681446798
0.4739151261773459,0.14338549601758163,-0.19977867374779032,-0.46040198254253595,0.5203882552285161,-0.172086278551757,2.1446471241067773
-0.28244064555879866,0.14338549601758163,0.5300193022843352,-1.364395721739114,-2.5433024737430903,0.9001213265808913,-0.2501267258525579
-0.9847710050280757,0.14338549601758163,-0.6139883358200778,0.9667771155891611,-0.514997922561423,-2.4026912338641404,-1.2713795336996399
-0.5255550007597022,2.062180092379756,3.01527727471806,-0.47329479834864724,0.848544455855835,-0.951540924661323,0.1338945012256968
0.12274994644270736,0.3870419526984927,-0.5153669877076285,1.0400306927294574,-0.11875354252038657,1.6473017518891153,-0.6681499306466886
0.8791057181788519,-1.3490103011529986,-0.061708786390361155,0.05303689982091209,0.7941268140850736,-0.5415570283407241,-1.0282145760421044
-0.6606185314268709,0.41749900978360655,-0.6337126054425677,0.6877545801503663,-0.1586355176341384,0.9105775552725968,-0.6464011865056366
-0.5255550007597022,-0.8616973877911764,-0.19977867374779032,-0.12106598278034937,0.9410582991007782,0.03558132755308202,0.11031202049033434
-0.7686693559606058,0.44795606686872047,-0.6337126054425677,0.4141085624194011,-0.36945216428593086,1.6459464118184182,-1.1990916467650654
-0.741656649827172,-0.8921544448762904,-0.3181242914827296,0.4954592746148375,-1.1343360144815664,-1.0816162806906369,-0.18292988821932898
1.2302708979134904,-1.227182072812543,0.13553390983453764,0.7697997358053372,1.0384439275572281,0.2972018878685024,-1.4961860602202635
0.8791057181788519,-1.2880961869827707,0.09608537058955789,0.772422921505573,0.9640748788687371,-0.39421483214858594,-1.4810848859241954
0.9061184243122856,-1.0748967873869737,-0.04198451676787127,0.29371675661022356,0.9867982990059535,0.4012368516861615,-1.4200089589928944
-0.8767201804943408,-0.9226115019614042,-0.08143305601285103,-0.3654942569685305,0.815955380685022,-0.3678185323877736,0.04176350252980838
-1.0658091234283769,2.397207720316009,2.9363801962281006,-1.8720849347399031,0.43988093741219747,-0.94795537532259,-0.5268706598910954
-0.4985422946262685,2.062180092379756,2.97582873547308,2.6908556082333743,0.44050366260503215,-0.43817919570464225,-0.5327115188326859
0.39287700777704465,0.021557267677126114,-0.18005440412530044,-0.3575640422077251,-0.01311000018746611,0.8440202527806522,1.032414199147904
-1.362948890896148,-0.8616973877911764,-0.6731611446875475,-1.219341072613935,0.9219712935812079,-0.13932368429382583,0.23830388256343
-0.8226947682274733,-0.8007832736209487,-0.14060586488032067,-0.9893906076138835,0.9460741715606854,-0.9920741711575386,0.13141166390147874
-0.552567706893136,-0.37438447442935435,-0.6534368750650575,-0.1465667608997527,-1.2240215469665743,-0.7536070428458923,-0.9330542694898968
1.6084487837815626,-1.1662679586423153,-0.0025359775228915122,0.5845284452327606,0.9617493493450942,-0.3315123739229857,-1.3785711500200333
-0.5795804130265697,0.41749900978360655,-0.5350912573301183,0.8213767152643424,-0.3614290010221689,0.1953562412208565,-0.7339629847275532
-1.362948890896148,0.052014324762239994,-0.4561941788401588,0.5058193535452331,-1.2466274829468165,-2.5077784219341077,-1.0476866176423423
-0.4715295884928348,2.458121834486237,3.0941743532080195,-0.8873038769095554,1.0278776084917005,-0.4952715970772545,0.20720172506181855
-0.012313584224461311,0.14338549601758163,-0.49564271808513855,0.4352444753493247,-0.4010770038612505,1.4527040388398667,-0.6114239264748881
-0.36347876395909984,0.7220695806347454,-0.6139883358200778,2.073892538792945,-1.7727787798356616,-1.0990134354949677,1.5961149530126748
-0.3364660578256661,-1.0444397303018598,-0.3378485611052195,1.7867212445924079,-1.0032772875085174,-0.7922466945444891,-0.23119414075674197
-0.4985422946262685,-0.8616973877911764,-0.25895148261525996,-1.4605852655874103,0.6404442453170779,-0.7435312092708187,0.06642300155483154
-0.4175041762259673,0.3870419526984927,0.6483649200192746,-1.2123459315636997,-2.498640713063767,-0.42731168466715336,-0.32949722576995716
1.797537726715599,-0.8007832736209487,-0.0025359775228915122,0.1853079700116609,0.49154005266745604,0.4711211713636425,-0.8925554800322082
-1.1468472418286781,2.0317230352946423,2.916655926605611,-0.29591735057937013,0.5038133245067867,-0.5363333421998442,-0.610277444125928
1.5814360776481289,-1.2576391298976568,-0.0025359775228915122,0.7561750312025313,0.9285049332960026,0.3080369868430505,-1.5029798362566196
1.5544233715146951,0.569784295209176,-0.04198451676787127,-0.08202423538081985,0.6077051026223811,-0.46262808808469125,-0.22581998870948253
-0.5255550007597022,0.7829836948049731,-0.4561941788401588,-0.467296985077367,-2.2052659032738813,-0.7317764808468997,-0.7274048191689068
1.4193598408475265,-1.1358109015572013,0.01718829209959837,-0.29581565468766585,0.4578844842625977,0.5748160869347161,-0.9390405883451637
-0.9847710050280757,-0.16118507483355718,-0.5350912573301183,0.7148542626521155,0.5997308920632402,0.6721648711320523,-0.9084658560995317
0.554953244577647,0.021557267677126114,-0.25895148261525996,0.20617669142308745,-0.02167288073260792,1.084417430115803,1.7466028476094526
-0.4715295884928348,-0.4962127027698099,-0.574539796575098,0.4573984986399219,0.6784390267413934,0.9195766422261021,-1.0895245397350668
-1.0928218295618106,0.08247138184735388,-0.6337126054425677,0.5057085573456546,0.43116761947550014,0.46199448688581274,-1.2191889315016868
-0.36347876395909984,0.26521372435803714,-0.6139883358200778,0.020041420001884747,-0.0716552754075892,0.8397452207782886,-0.5228908966919422
-1.3359361847627143,-0.8007832736209487,-0.23922721299277008,-0.3116874366628274,0.9831330625397153,-1.0115289209514957,0.029776679537891673
1.0411819549794543,-0.008899789407987767,-0.08143305601285103,-0.13585993545403754,0.021420979462962036,1.0955777182634652,0.8533678257501885
-0.6065931191600035,-1.3185532440678847,-0.35757283072770935,0.8364571783387161,0.8846005121363643,-0.21141616695267182,1.6270871042447181
1.068194661112888,-0.4352985885995821,-0.2195029433702802,-0.15001208515806758,0.45995537335990594,0.5043774044594247,1.5910703541751423
-0.22841523329193117,0.41749900978360655,0.5694678415293151,-1.2858757029503987,-2.4913819518172104,0.8309163429131231,-0.44871106641437086
-0.7146439436937384,-1.0748967873869737,-0.8309553016674665,0.191843833375156,1.032958876159511,-0.23774663462477807,0.2370160576573275
-0.36347876395909984,0.11292843893246776,-0.5548155269526082,1.0768047011740745,-1.1948522171229998,1.1401130605364995,-0.5924296194276911
-0.7686693559606058,2.579950062826692,2.8969316569831207,0.4394604744902648,0.5419888334202257,-0.3371455327168019,-0.5518586967077668
-0.4715295884928348,0.2347566672729233,-0.47591844846264864,-1.0805921503510407,-1.0099917866797843,-2.4519989746353072,0.3475977760733389
1.8245504328490327,1.057097208570998,0.07636110096706801,0.598548637545216,0.5048708031140559,-0.8076575786852391,-0.08378342642935649
-0.28244064555879866,-0.2525562460888988,-0.594264066197588,0.9472599918875904,-0.728723395766503,-1.5576711619298436,-1.3181297050738408
1.7164996083152975,-0.709412102365607,0.05663683134457813,0.7154584095118798,0.8362460204464677,-0.5163425482368239,-1.4088472126874623
-0.6606185314268709,-0.06981390357821553,-0.4561941788401588,0.6209627739033856,-0.8444329545807056,1.7049603254654333,-0.8760056302354517
-0.5255550007597022,0.6916125235496315,0.6680891896417644,-0.9286158008116143,-2.4054560748457763,1.4558980255556708,-0.4394663921378046
-0.6876312375603046,-0.9835256161316319,-0.7323339535550171,1.2987705720484033,0.8400204087230755,-0.012524921529654454,0.024571176969200297
0.1767753587095748,0.11292843893246776,0.05663683134457813,2.6219461800552177,0.8999034311257726,0.6734435763820186,0.04602466264529216
2.175715612583671,-0.03935684649310165,-0.6337126054425677,-0.3758456356689231,0.5851504718667483,0.02101819428499332,-0.26950762312565674
-0.7686693559606058,-1.0748967873869737,-0.29840002186023973,0.9424826015259393,-0.851004806024962,0.19574284136695655,-0.17162409394087963
0.6359913629779482,-0.5571268169400376,-0.16033013450281056,0.17720943761136945,0.3913446440907749,0.658190720704664,2.5387101064529234
0.5009278323107796,0.3870419526984927,0.01718829209959837,2.814463175569872,0.8407426498654536,0.07391914594353234,-0.20447023144770438
-1.2819107724958467,0.2042996101878094,-0.574539796575098,0.031951521605141746,-1.378952602715874,-2.125452935328402,-0.04687316777373618
-0.552567706893136,0.2042996101878094,-0.5350912573301183,0.6427789987617869,-0.40172714684190103,-1.304281491999118,1.4360312793177827
1.176245485646623,-0.8312403307060625,-0.416745639595179,0.15285391850336172,-0.861042452219398,1.2718099645168526,1.3459320066360507
0.960143836579153,0.6916125235496315,0.11580964021204777,0.7284994044035509,0.38943670190220653,-0.6998215483825906,-0.241028784219784
-1.3359361847627143,-1.1662679586423153,-0.7717824927999969,0.858815393568465,1.0374475624009132,1.3711227694362071,0.21838876437615234
1.3383217224472252,0.6306984093794037,0.07636110096706801,-0.028936292558794905,0.4533520315436213,-0.8152687626973693,-0.12514332917884416
1.797537726715599,-0.8921544448762904,0.09608537058955789,0.7004551341442901,0.9324866162436776,-0.2272113143640724,-1.493138935416145
1.797537726715599,-0.8312403307060625,-0.35757283072770935,0.456804935303555,-0.15579261909570416,0.7863773193845509,0.2161417660896991
-1.0117837111615093,2.7626924053373756,2.9363801962281006,-0.5194189837899462,1.0528768464112475,-0.24430753039504163,0.042567169544632855
-1.0117837111615093,2.2144653778053254,3.0744500835855297,-0.48275703813290055,0.9586222492452574,-0.11159981370927226,0.08787224176429442
-0.9037328866277745,0.32612783852826494,-0.6337126054425677,1.0527927025876227,-1.7591495053304642,0.8920029568136479,1.4077890177204895
1.3113090163137915,0.021557267677126114,-0.2195029433702802,-0.8664320173263375,0.39927465276986224,-1.1277612248795807,1.7345473929099027
-0.6606185314268709,0.813440751890087,-0.594264066197588,-1.2213066669055888,-2.1593455883897654,-1.1455463615897932,0.025902672131693925
2.418829967784575,-0.2525562460888988,-0.6534368750650575,-0.010196648966861576,0.38632920793108283,-0.861942713360965,-0.07205101934879304
-0.8226947682274733,0.7829836948049731,0.5694678415293151,-1.3725966233328935,-2.4873810433813395,1.5195655321386892,-0.49186486988786193
1.5274106653812614,-0.3439274173442405,-0.47591844846264864,-0.6902701583550446,0.5920526353414688,-0.41907806943154696,-0.3156782906706824
1.7435123144487314,-1.1053538444720874,0.13553390983453764,0.3893820267062758,1.0179839427149533,0.39541423197182435,-1.3697669619225572
1.1492327795131891,1.1484683798263398,-0.02226024714538139,0.44196002441865,0.5328614409936036,-0.47500610617613126,0.25354369199904514
-0.30945335169223237,-1.470838529493454,-0.3378485611052195,0.2963058400630237,0.9991771339517223,-1.183001250947167,0.8661132461161247
-0.012313584224461311,0.17384255310269553,-0.02226024714538139,2.963876811667221,0.927043349120088,0.35860512712498543,1.9382633139681855
0.28482618324330977,0.44795606686872047,0.03691256172208825,1.8796933582959197,0.9003116451881127,0.4169557148725972,2.5425401688211355
-0.6336058252934371,0.2347566672729233,-0.594264066197588,1.5074238302851886,-0.1958002877230545,-1.5513022985453684,0.0937905059532772
-1.2008726540955454,2.64086417699692,3.0941743532080195,-1.545176944216064,0.5157113718767105,-0.20194869050120998,-0.609393620044321
-1.2278853602289792,0.08247138184735388,-0.47591844846264864,-0.15143886042735374,-1.1863053759971973,-1.8646627017916815,1.54929309002851
-0.36347876395909984,-0.709412102365607,-0.2786757522377498,0.3817329769154746,-0.7991834135728171,0.4227995920331294,-0.07280602563672389
-0.4985422946262685,2.6713212340820336,3.0744500835855297,-3.270373134409534,0.514297564369857,-1.2027449290316066,-0.6572777031464249
-0.28244064555879866,0.569784295209176,0.5694678415293151,-1.6701963453770516,-2.4441467066358595,1.3098801429979359,-0.26939042750159864
1.8515631389824665,-1.3490103011529986,0.03691256172208825,0.22686016116727317,0.5601743143183701,-0.2816047444626927,-1.1384450244036612
-0.7146439436937384,0.6002413522942899,-0.5548155269526082,-1.1603649124865947,-1.7561803863067722,-2.398831193820109,1.3294777407999248
-0.2554279394253649,0.47841312395383434,0.6680891896417644,-1.0849448063348452,-2.460111487216745,0.3168578074503861,-0.6255722668385677
0.14976265257614108,0.6611554664645176,-0.6534368750650575,0.9013457204748032,-0.5105675326720536,0.8797251614198109,-0.673001273950738
-0.5255550007597022,0.5088701810389482,0.5694678415293151,-0.9162540483719651,-2.563791430356047,0.02936775102467523,-0.23461414327530308
-1.1198345356952444,-1.1358109015572013,-0.18005440412530044,-1.3995759077661507,0.8833453976111508,-0.47506102210477064,0.03327451458012652
-1.1198345356952444,0.813440751890087,-0.574539796575098,-0.7370954909997222,-2.3731243117668144,-0.6757938865031715,0.39565450026612015
-1.254898066362413,-0.8921544448762904,-0.10115732563534091,-0.6203820948167225,0.750101548089745,0.9406051068502932,0.11854819663446398
1.6354614899149964,-1.4403814724083401,0.09608537058955789,0.17759354164187988,0.7698785422008929,-0.20139779370344973,-1.0425532157624393
0.5009278323107796,-0.22209918900378495,-0.14060586488032067,-0.37896674657827384,0.3970729288187623,-1.8788094806759814,2.907141203220446
-0.7956820620940396,-0.2830133031740127,-0.594264066197588,0.29001251366315206,0.6939259553466482,0.8490978294252087,-0.9624181848263409
0.5279405384442133,0.44795606686872047,-0.061708786390361155,1.6104619364096453,0.961243346579331,0.6726595669130181,1.8206451759031008
-0.39049147009253354,0.14338549601758163,-0.4561941788401588,0.6005397411922685,-0.5440727314645043,2.4868763897277053,-1.2088329361838115
1.2302708979134904,0.021557267677126114,-0.5153669877076285,0.023202991469426844,-0.4535991186982355,0.6323566734353426,-0.3666397893352925
0.7980675997785507,-0.8312403307060625,0.13553390983453764,-0.20465429538158963,0.787736378245404,-0.4249203611774035,-0.9870079319083015
-0.741656649827172,2.579950062826692,2.8969316569831207,-0.6034586701004678,0.9095438331559793,-0.8684671832623533,0.38281148876008925
1.473385253114394,1.2702966081667952,0.03691256172208825,0.34164994976751994,0.5492740702795452,-0.8000360675654872,-0.04195410773017165
-0.8767201804943408,-0.8312403307060625,-0.3378485611052195,1.3716204647616868,-1.0634022608240825,-1.3550611846016662,-0.22297460873433345
1.0411819549794543,0.9048119231454287,-0.02226024714538139,0.4903787013390615,0.28529967952530694,-1.0807761926555686,0.11256745329793005
-1.0928218295618106,0.052014324762239994,-0.49564271808513855,-0.8576387311622118,-2.325386225200788,-0.9557972822833519,0.6157999531774954
1.2032581917800567,-0.4962127027698099,-0.25895148261525996,0.3376455059501639,-0.13540363762480187,-0.1565105538203279,1.6209173730422275
1.3113090163137915,-0.4352985885995821,-0.594264066197588,-1.2454680155372235,-0.1406800567232191,-0.46017092863937104,-0.28213425031281847
-1.0658091234283769,-0.22209918900378495,-0.47591844846264864,0.40392787450333034,0.824419459879327,-0.013546747066761768,-0.8521758218620382
-1.173859947962112,0.7220695806347454,-0.594264066197588,-0.9804736212751282,-0.4888666090217492,0.23994695184574072,1.5965454648018436
-0.5795804130265697,-0.9835256161316319,-0.061708786390361155,-0.4241331612083003,0.9737249656864414,0.36026107857447065,0.03401290731806383
2.0406520819165026,-0.10027096066332941,-0.574539796575098,-0.17340036819784552,0.46215477576294606,0.20489350814189414,-0.4507515122857907
1.0952073672463216,-1.4099244153232262,0.07636110096706801,-0.09856319111748246,0.5396482030613498,-0.08340524768623128,-0.854467814087877
-0.9037328866277745,0.08247138184735388,-0.6139883358200778,0.4605505521573248,-1.168223326079953,-0.6614618010003802,-0.613110019824677
-0.30945335169223237,0.14338549601758163,0.7272619985092341,-1.5018162176315029,-2.515189783122626,-0.6094564140009819,-0.633374175784406
0.33885159551017724,-0.31347036025912656,-0.6139883358200778,-1.2283708809124174,-0.2679469335359361,0.43531349820758225,-0.5829635539840419
-1.2008726540955454,2.610407119911806,2.97582873547308,0.01771573806160001,0.45700741624326663,-0.23041807333517156,-0.5321987731010107
-0.4175041762259673,2.4885788915713505,2.97582873547308,-0.7432485286302969,0.40889822851419,-0.08899221935480538,-0.6179613887871406
-0.28244064555879866,-1.1358109015572013,-0.25895148261525996,1.6747287614368165,-0.7754235820241235,-1.952795634180795,-0.09137781485546938
0.9871565427125868,-0.7703262165358348,-0.35757283072770935,0.003603615660700795,-0.12466487673442671,0.08625011846568553,1.191631120705115
1.2302708979134904,-1.0748967873869737,0.03691256172208825,-0.04918618913157652,0.5774893152406623,0.5600249401014503,-1.1250174489016935
0.7170294813782495,0.14338549601758163,-0.574539796575098,-0.5420511547816168,-0.6702596615554646,-0.8740558125270844,-0.032021930449023246
0.8520930120454181,-0.739869159450721,-0.25895148261525996,0.21286032598787372,-0.8617212357057523,-0.2872945360732342,0.9608151141523661
0.257813477109876,-0.06981390357821553,-0.23922721299277008,-0.5633285371984575,0.510408190338537,-0.5689967333235953,2.795884604829584
-0.6876312375603046,0.29567078144315107,-0.5548155269526082,-1.9119937874986555,-2.25755972581863,-1.2461137283426291,-0.14894055482420912
-1.1468472418286781,-0.7703262165358348,-0.2195029433702802,-0.3315819879734539,0.6628102691453349,-0.4990707391523973,0.09020855680731872
1.7705250205821652,-0.9226115019614042,-0.4561941788401588,-0.423634467069032,-0.8604785929927661,0.5155282651900692,0.6553286868118267
-1.3089234786292805,0.569784295209176,-0.594264066197588,0.19377443939325828,-0.46956709971177085,1.7619469551890812,-0.9547089033003557
-1.038796417294943,-1.0139826732167458,-0.18005440412530044,-1.1165761396600515,0.662418440579973,-0.5707010308979793,0.13951664002288622
1.1492327795131891,1.2398395510816813,0.09608537058955789,0.055278920599293735,0.5828063775893921,-0.503444051397149,0.20346172736564444
1.2572836040469242,-0.9530685590465181,-0.43646990921766887,-0.3859091222362737,-0.5274834638817872,-0.5098741917032871,1.4885853229390489
-0.1743898210250637,0.6306984093794037,0.7272619985092341,-1.0531963106929072,-2.3252599153906917,0.8776744945634185,-0.45665746625932085
-0.6336058252934371,0.26521372435803714,-0.47591844846264864,0.5946484286503481,-0.20957449918478763,1.1395842912295715,-0.7475740379056138
0.7710548936451169,-0.06981390357821553,-0.6337126054425677,-0.04783324481815316,-0.13203619580579282,0.15014094810656434,-0.1254017654542874
-1.1468472418286781,-0.2525562460888988,-0.6534368750650575,0.4903618200044885,-0.46935288124356156,-2.3953911881264474,-1.2649755326260688
-1.2819107724958467,-0.13072801774844328,-0.594264066197588,0.45430839474140167,-0.3021148943501439,-3.5792969916705153,-1.2861244152612525
2.3107791432508398,-0.5266697598549237,-0.47591844846264864,-0.5539819726122136,0.40272893493987233,1.4540156214655369,-0.24169326343830472
-1.0658091234283769,-0.37438447442935435,-0.574539796575098,0.2490315166118982,-1.3298037833924545,-1.7245993750952062,-1.0775933438203866
-0.7686693559606058,-1.3794673582381125,-0.29840002186023973,0.5567237513608756,1.0972208503618814,-1.0362897894267447,1.8301800608521357
1.689486902181864,-0.709412102365607,0.03691256172208825,0.0891095268702258,0.5631662071360214,-0.24783749741538852,-1.0823455688537822
1.5003979592478278,-0.4048415315144682,-0.35757283072770935,-0.42095184931310364,-0.329172275744966,0.39986283981303994,0.3517526284670082
0.7980675997785507,-0.709412102365607,-0.4561941788401588,0.12838537642089093,-0.26016779271332835,1.3115183068681406,0.819288588002623
-0.28244064555879866,0.14338549601758163,-0.6534368750650575,0.7574324349686711,0.7257758266331705,0.6556120076451116,-1.0955024893980607
1.0952073672463216,0.6611554664645176,0.13553390983453764,0.3714001091351307,0.2097340442797989,-0.3317673910958408,0.10776375603059328
-0.8226947682274733,2.09263714946487,3.0744500835855297,-2.6903632351151203,0.4229849943182989,0.022695657104811758,-0.6966959443718176
-1.1468472418286781,-0.7703262165358348,-0.35757283072770935,-0.013054223703340232,1.0276737615798461,-0.5853011365518701,0.5781746334709652
0.257813477109876,0.021557267677126114,-0.574539796575098,-1.3338806290942322,-0.4013382480414629,-0.06695012565847917,-0.6027171611910332
1.9055885512493338,-0.19164213191867105,-0.6337126054425677,-0.3859159684468726,0.3526238460908385,1.6156770961033873,-0.5615182489745725
0.9871565427125868,-0.16118507483355718,-0.19977867374779032,-0.34490195033423543,0.42644045746142334,0.8920907217609795,1.582400674579976
-1.362948890896148,2.5494930057415783,2.8969316569831207,-0.6142020958408156,0.392590622794708,-0.18079148504959078,-0.6907327845097153
-0.39049147009253354,2.2753794919755532,3.0744500835855297,-0.06784765750744347,0.4150737483439479,-0.9976113956071042,-0.6608690825783519
-0.9037328866277745,-1.0748967873869737,-0.10115732563534091,-0.21369824887232358,0.8706693493029043,-0.8078608894274554,-0.0028758885293236045
1.689486902181864,-0.4962127027698099,-0.5548155269526082,-0.10735212131180798,0.3413103700883284,1.1905810245232125,-0.11380874525020353
1.8245504328490327,-0.6789550452804931,-0.2786757522377498,0.3835196446734544,-0.3841462510125117,-0.44593439852805283,1.420531844948858
0.1767753587095748,0.32612783852826494,0.13553390983453764,0.2148301474437686,0.9659043785877138,0.14693907814185642,-0.7433310767025441
0.1767753587095748,0.6002413522942899,0.7272619985092341,-1.3836766765458137,-2.545925909233359,1.145027378138186,-0.20761511953985717
-0.6876312375603046,0.5393272381240621,-0.47591844846264864,0.5683667434128098,-0.49336978653491437,0.9254180523267239,-0.5175243273428807
-0.6876312375603046,-0.16118507483355718,-0.5350912573301183,0.5571859623014729,0.5408874873399617,-0.2604688892620307,-0.9244357509521636
-0.6876312375603046,0.5088701810389482,-0.6337126054425677,-1.1608759895238816,-2.3580337623561225,-0.9158346213728314,0.05468055948681623
1.797537726715599,-0.6484979881953793,-0.2786757522377498,0.13453226261024337,-0.8668773275138995,0.37254752156753873,0.433469253676294
-0.7146439436937384,-0.9835256161316319,-0.12088159525783079,-0.9291501155426303,0.7086854592756905,0.6821826514619663,0.11078650461367438
1.0141692488460206,-0.5571268169400376,-0.16033013450281056,-0.39102996286190383,0.5452724607110239,-0.7937769264771142,3.4200971409957917
-0.012313584224461311,-0.19164213191867105,-0.0025359775228915122,-0.1846809775202872,0.8609186221199784,0.31322952925273034,2.09043185832758
-1.038796417294943,-1.0444397303018598,-0.3378485611052195,0.3260456832763511,-0.8428268149865096,-1.1640005149358263,-0.20894041719455042
-0.5795804130265697,-0.5266697598549237,-0.4561941788401588,0.5273300965054476,0.7630542601100962,0.851376401574559,-0.9970035213206019
-0.9307455927612083,0.6002413522942899,-0.574539796575098,-1.3986368098576745,-1.6444066764742007,-2.3016646059928014,1.09038751086075
1.0952073672463216,0.9352689802305425,0.07636110096706801,0.6957836922093764,0.3263433506448995,-0.10185329654128804,0.2580728533371199
0.8250803059119844,-0.008899789407987767,-0.12088159525783079,-0.37223261242812383,0.4307252626769616,-1.6652510678472767,2.3720116372603153
-0.4175041762259673,0.052014324762239994,-0.5153669877076285,1.0354710052294145,-0.8444530315725108,2.790803967500368,-0.8704871274094963
1.068194661112888,-0.10027096066332941,-0.08143305601285103,0.26021888827431583,0.091868414586521,-0.2788693357192316,1.2395500646748618
-1.2278853602289792,-0.8921544448762904,-0.16033013450281056,-0.17385174190712752,1.0068304062020026,-0.2215124781561539,0.023994681543553095
-1.1198345356952444,-0.8616973877911764,-0.14060586488032067,-0.1498385918770465,0.9187681919588698,-0.6406712697392023,0.10791764646197166
-0.5255550007597022,-0.5266697598549237,-0.37729710035019925,1.6303122293497005,-0.840200684489561,-0.011883059309245804,-0.10725181020357379
1.7435123144487314,-1.2880961869827707,-0.04198451676787127,-0.2277805586412079,0.8060180391021439,0.1977325135828347,-1.1470467148433874
0.8791057181788519,1.2398395510816813,-0.02226024714538139,0.35434185427302445,0.43384672094818966,-0.0005039001543628947,0.1597839754422354
-0.4715295884928348,-0.19164213191867105,-0.6139883358200778,-0.139546188558093,-1.0397848337156537,2.7735117774591598,-0.7176386594681758
-0.22841523329193117,0.7829836948049731,-0.49564271808513855,0.4164143146268924,-0.3657766702759456,0.4022572026587273,-0.6330875551061784
-0.7686693559606058,0.052014324762239994,-0.6337126054425677,-0.3492112788603701,-0.15296549649077962,0.06000816462377887,-0.9756703040910926
0.8250803059119844,-1.4403814724083401,0.13553390983453764,-0.13543504689984087,0.6477485936519848,-0.4635329164635634,-0.9398618863297815
1.284296310180358,-0.5571268169400376,-0.594264066197588,-0.3484803307345724,0.15213247295953913,-0.2796572790789555,-0.21093764392452916
-1.3089234786292805,0.7525266377198593,-0.49564271808513855,-0.8322699494663716,-0.22445884826589904,1.0965821313072053,-1.05415689803833
-0.28244064555879866,0.7829836948049731,-0.6139883358200778,-0.8696558838458521,-0.3704291275487167,-0.08517192037195948,-1.1762222229947152
0.33885159551017724,0.14338549601758163,-0.5153669877076285,-1.4303313242609674,-0.7252678280370104,-0.34159143246352136,-0.7211905092929907
-0.6065931191600035,0.569784295209176,0.7075377288867442,-1.3375175672337432,-2.3456936369350205,0.015494724274448157,-0.5782218246976996
-0.6336058252934371,0.6306984093794037,-0.5548155269526082,-0.17334067072463852,-0.5149959098349148,-0.786196148913911,-0.2073972810622295
-0.7146439436937384,-0.3439274173442405,-0.49564271808513855,0.5155419074117948,0.49013161497487917,-0.05375906825307282,-1.0798899547426897
-0.5255550007597022,-0.8616973877911764,-0.7126096839325272,-1.4698765042830415,0.8348866005444491,0.7046980133510016,0.1533029603665889
-1.3359361847627143,2.153551263635098,2.97582873547308,-0.36543375153318297,0.980060931329466,-1.0457138358277531,0.16946721515634613
0.3118388893767435,-0.13072801774844328,-0.2195029433702802,-0.2665160122772124,0.5122912746365408,1.3011823479914673,1.1424657437640877
-0.444516882359401,-0.9835256161316319,-0.12088159525783079,-1.3317319825878302,0.8301680989998739,0.2306267707292218,0.13947808871104184
1.7705250205821652,0.5393272381240621,-0.02226024714538139,0.38831087577785534,0.47687767266753706,-0.04379365429876766,-0.21859161519099773
1.1222200733797554,-1.4099244153232262,-0.061708786390361155,0.21916516292084437,0.43547436448726173,0.6120968088228838,-0.9434405235386358
1.7705250205821652,-0.7703262165358348,-0.2786757522377498,-0.41751568781384324,-0.4957600747708792,-0.06000194015117989,0.3431194638882907
-0.9307455927612083,-0.739869159450721,-0.6928854143100374,1.3146693934328721,0.9982006698307471,-0.3516964647366676,0.2596535990629053
-0.552567706893136,2.5494930057415783,2.9955530050955703,-0.5208378297109815,0.8647390414159171,-1.1166845306208038,0.2775019775097469
-0.7956820620940396,0.29567078144315107,-0.5153669877076285,-0.09478934633038757,-0.16659821561310964,0.5022382250617902,-0.5229671185587309
1.3923471347140928,0.6002413522942899,0.11580964021204777,0.15982582966626552,0.5821906848198858,-0.9654724042327624,0.1394153347818958
1.0952073672463216,-0.46575564568469596,-0.23922721299277008,0.18349369492895662,0.2573554039300685,1.0537939830316305,0.9917592776961308
0.8250803059119844,-0.709412102365607,-0.3378485611052195,-0.18192280749784917,-0.8753102493966284,0.7190096173585201,0.5783821681847067
-0.9847710050280757,0.6306984093794037,-0.574539796575098,-1.4023184669452078,-1.5536911222213026,0.20005128437240072,-0.18619029085449787
-1.3089234786292805,2.64086417699692,2.9363801962281006,-0.5630897804828188,0.9597859902961415,-1.2054235180598627,0.03086018158134562
1.4193598408475265,-1.1053538444720874,0.05663683134457813,-0.09195608657049198,0.38541287827878795,-0.33496531170236493,-1.076350482463917
-0.1743898210250637,0.2042996101878094,0.13553390983453764,1.697381295416341,0.8580446484129101,0.45836438481680686,-0.08761155640965028
1.8515631389824665,-0.709412102365607,0.01718829209959837,-0.04393582280718879,0.40481518925598076,0.5584504995895382,-1.0124007514941793
0.6900167752448157,-0.4048415315144682,-0.10115732563534091,-0.08306386407617508,0.5241546145936503,-1.8040036896964513,2.3298084379848536
0.4469024200439121,0.052014324762239994,-0.08143305601285103,0.13679584465849298,0.1663735005151164,1.008072909123199,1.4360263150516173
-1.1468472418286781,2.610407119911806,2.97582873547308,0.7389539836787636,0.45336036478796143,-0.17186310630163376,-0.6773192330596645
-0.39049147009253354,0.813440751890087,-0.5350912573301183,1.573891066040519,-1.0335194741953482,0.7686365794410568,-0.052547780756828054
0.663004069111382,-0.37438447442935435,-0.25895148261525996,-0.11956449443228385,0.32260556086424114,0.4989173317015535,1.151654309276742
-0.1743898210250637,0.14338549601758163,-0.594264066197588,0.47879870691487325,-0.2861032788263828,0.4442371065330083,-0.5615715937268
-0.8767201804943408,-1.2576391298976568,-0.25895148261525996,0.10860839921446372,1.1197435917013583,-0.1689059779603596,0.5092343770420853
-0.7146439436937384,0.2347566672729233,-0.6139883358200778,-0.5749279734555952,-0.269071772497552,-0.3048286410595155,-1.1837602258736
1.6624741960484302,-1.1053538444720874,-0.3970213699726891,0.39942990633344455,-0.4569422237630481,0.3965548720937481,1.6977188743178153
0.8250803059119844,-1.0748967873869737,0.03691256172208825,0.16727548454917318,0.4255026745863971,0.04814130355786961,-1.0106229822695436
-0.30945335169223237,2.397207720316009,2.916655926605611,1.9999631598703222,0.533512009950493,-0.8908838034631072,-0.5400117668455732
-1.1198345356952444,-0.16118507483355718,-0.5153669877076285,0.42694907145912847,0.7029237230690479,-0.08614817232641474,-0.9798756404148342
2.175715612583671,0.08247138184735388,-0.5548155269526082,-0.6976780158341896,0.46678142129951683,1.6664718797913127,-0.20232877713581113
-0.5795804130265697,-1.1358109015572013,-0.23922721299277008,-1.1265373741298763,0.7850508220431901,-0.9401945835902104,-0.009005703610723366
-0.28244064555879866,-0.739869159450721,-0.12088159525783079,-0.1855556609398732,0.7889246477173479,0.8176267539191006,0.13358109370935378
0.20378806484300854,0.6611554664645176,-0.4561941788401588,-0.06383922852416828,-0.45215411437937497,1.0208908668973875,-0.6315995325188681
-0.36347876395909984,-1.0748967873869737,-0.35757283072770935,0.40055363920376036,1.2527317342847917,-0.10940355164960855,0.9928929337497682
0.33885159551017724,-0.10027096066332941,0.07636110096706801,0.5976736164989385,0.9779288906273788,0.3634669069200448,0.22676617826007403
-0.4175041762259673,2.64086417699692,2.9363801962281006,-1.7188714624550168,0.507783660506782,-0.468627096137735,-0.6658834679966877
-0.552567706893136,0.6611554664645176,0.6483649200192746,-1.2031956334715548,-2.4524009186935274,-0.07904388405451714,-0.6343606651849111
-0.7686693559606058,0.7525266377198593,0.5497435719068251,-1.5094758880260897,-2.34974438683521,2.773703714462276,-0.49188207303545006
-0.4985422946262685,0.11292843893246776,-0.5153669877076285,0.6063444280928398,0.7210837086833085,0.3862405238369449,-1.069810068160252
-1.0928218295618106,2.1840083207202117,2.916655926605611,-0.6382780112583174,0.834710436252846,-0.95280127776971,0.17676724498172836
-0.8226947682274733,-0.709412102365607,-0.416745639595179,0.43461754747008424,-0.8907993087808158,-2.2178507169752186,-0.13567998593442626
1.0141692488460206,-0.739869159450721,0.05663683134457813,-0.16866112574913006,0.7857798209013526,-0.4821619230028728,-0.9989527615394541
1.0952073672463216,-0.9835256161316319,0.03691256172208825,-0.24351918494277944,0.4488869414233342,0.37672072354538993,-1.0014758387175164
-0.9847710050280757,0.47841312395383434,-0.574539796575098,-0.9029640254971577,-0.3482593719359797,0.9920999864574909,-0.9272725100642146
-0.09335170262476251,0.813440751890087,0.5694678415293151,-1.6394588191936832,-2.4692695818022496,1.406696053855559,-0.5551097491257762
1.4463725469809603,-0.5571268169400376,-0.3970213699726891,0.3760704269488056,-0.9324355671621082,0.6624848588872944,0.739555241718743
1.689486902181864,-0.6180409311102654,-0.2786757522377498,0.08209693266680113,-0.41724051021288133,0.11607719242430459,0.9121075506446713
0.257813477109876,0.14338549601758163,0.05663683134457813,3.2180045113177997,0.964265557324399,0.47825433867276873,1.1352724456612597
-0.5255550007597022,2.519035948656464,2.9363801962281006,1.0787265991557768,0.5341632495169735,-1.051769035874909,-0.5809530058059466
0.7170294813782495,-0.06981390357821553,-0.08143305601285103,-0.45418415571599074,0.5055022614930951,0.8437134221938942,1.143912368775365
1.9055885512493338,-0.2525562460888988,-0.5153669877076285,-0.6096104372398513,0.44289484453824857,-0.03348254776384082,-0.7119701338982715
-0.8226947682274733,-0.4048415315144682,-0.6534368750650575,0.7787310917702719,0.7467000645299581,0.9405936287058368,-1.0610991780589056
-0.6876312375603046,-0.8007832736209487,-0.14060586488032067,-1.245544086929166,1.0250677139099929,0.5848600923434756,0.0852984571913927
0.20378806484300854,0.5393272381240621,-0.6534368750650575,0.43771509672021036,-0.17298070288877335,0.5793618368710366,-0.5339620547845093
-1.254898066362413,2.519035948656464,3.0744500835855297,0.8497266020821461,0.46400622739759595,-0.7357582227349917,-0.6884494326182531
-0.7956820620940396,-1.4403814724083401,-0.14060586488032067,-0.1367349233231252,0.8060318193661485,0.7955247302591056,0.06988184854626325
-0.39049147009253354,0.41749900978360655,-0.5548155269526082,-1.0133273095933428,-0.49216658365570015,0.585547106658243,-0.9105986604323961
1.6084487837815626,-1.1967250157274292,0.05663683134457813,0.28124043943260696,0.9079480547941621,-0.49536758426865957,-1.493913325634865
-0.30945335169223237,0.47841312395383434,0.09608537058955789,0.0677134032927608,0.9688236646755883,0.6382822046074555,2.5197151226423156
1.5814360776481289,-0.5266697598549237,-0.594264066197588,-0.0356132702181211,0.2285856770548713,1.3597775381553683,-0.7432038786644813
1.6084487837815626,0.7525266377198593,0.03691256172208825,0.06913093969061761,0.33479985877363555,-0.7143297502545796,-0.09348937438563089
1.4463725469809603,-1.0748967873869737,-0.35757283072770935,-0.38642819887938845,-0.4957043217079624,0.39966721124274834,0.6838980786274977
-0.6606185314268709,0.41749900978360655,-0.47591844846264864,2.2238219357660753,-1.5126853683734136,-1.0658997750029349,1.0577512640923756
-0.03932629035789505,0.021557267677126114,0.03691256172208825,0.008077949962185417,0.975952833985326,0.37735472442912965,-0.1108517262443746
0.6359913629779482,-0.16118507483355718,-0.6139883358200778,-0.7711641865393071,-0.5010373714072813,-0.05045669330961312,-0.6212055039707384
0.960143836579153,0.7829836948049731,-0.061708786390361155,0.43509732475663404,0.5051099948320438,-0.8534141813498519,-0.07543495232464308
0.7980675997785507,-0.31347036025912656,-0.6337126054425677,-0.39505324741960274,0.006895524116240764,0.24258502386188985,-0.6666641392495337
-0.9037328866277745,0.32612783852826494,-0.594264066197588,2.17950716982824,-0.5916941077229101,-0.5031788721029146,0.3866567059701723
0.7170294813782495,0.052014324762239994,-0.10115732563534091,-0.016326628450849874,0.20468325837641999,0.24979633793598605,1.6443078178376502
-0.6065931191600035,0.47841312395383434,-0.6337126054425677,0.8171456517278451,-0.23101573174000845,0.10002255774403729,-1.2312077172343046
1.8245504328490327,-1.0748967873869737,-0.3181242914827296,0.4033051620787353,-0.9125251917659736,-0.15201691633547573,0.35456488888913856
1.3113090163137915,-1.4403814724083401,-0.04198451676787127,0.591661816114955,1.0226408787979602,-0.09458774839575856,-1.3533308393146277
0.9331311304457194,-0.8007832736209487,-0.061708786390361155,0.09529678189259977,0.7760340927672937,-0.0034364081657963642,-0.8290478005867791
-0.849707474360907,-0.46575564568469596,-0.43646990921766887,1.1517251549512635,-1.0171644006283571,-2.505779547868341,-0.1853001944735437
-0.30945335169223237,0.2042996101878094,-0.5350912573301183,1.817929395061269,-0.35193124402576126,0.6486210739445638,-0.7029131678425129
-0.9847710050280757,-0.9530685590465181,-0.7717824927999969,-1.6263904199436232,0.8841737921220891,0.09464786794462107,0.16658096569535333
0.5819659507110808,-0.4048415315144682,-0.19977867374779032,-1.0087045229823859,0.4833475959427467,1.447146827853757,2.580329440332808
-0.8226947682274733,-1.0139826732167458,-0.752058223177507,-2.676961149452742,0.9984655049592346,0.6538042353396072,0.04922734040042563
1.176245485646623,1.087554265656112,-0.0025359775228915122,0.5809394090998498,0.5869463158718862,-1.052204903748748,0.14065416303605535
-1.1198345356952444,0.11292843893246776,-0.47591844846264864,0.840993550081055,0.8203135130643346,0.8962867549991028,-1.0983981585904963
1.6624741960484302,-0.13072801774844328,-0.4561941788401588,0.02078854688648001,0.29025262016782777,0.00048153689356789564,-0.6762303019870032
0.9061184243122856,-0.739869159450721,0.01718829209959837,0.8509786935947938,1.0084962040153642,-0.2814325220266118,-1.5097477484298594
-0.6336058252934371,0.5393272381240621,-0.49564271808513855,-0.4155510439510836,-1.12005025089238,0.8247196168936963,0.8646748645526954
-0.36347876395909984,0.08247138184735388,-0.4561941788401588,-0.6883587482683698,-2.3267594464636328,-0.8958324356253439,0.4253030431133681
0.8791057181788519,-0.46575564568469596,-0.25895148261525996,0.024424673160651514,-0.832795774790294,0.927266107054524,0.6073862845007538
-0.5255550007597022,0.6611554664645176,-0.594264066197588,-1.9740783087366458,-2.244436329742612,-0.8320895303294583,-0.26326280539569563
-0.39049147009253354,-0.8007832736209487,-0.43646990921766887,0.19536766852462936,1.0929651578617445,-0.2774684246437927,1.2423632531672795
0.960143836579153,-0.4962127027698099,-0.6337126054425677,-0.9886620853261062,-0.5488557385595474,-1.1706948910211248,-0.6504650781845043
-0.9847710050280757,-0.37438447442935435,-0.6139883358200778,0.6920996834445993,0.7650170760281219,0.7942804220628097,-1.2174979925331497
1.1492327795131891,0.08247138184735388,-0.23922721299277008,-0.30603001159611115,0.47656274740156235,0.6632856441058832,1.4907787169775435
1.3923471347140928,-0.13072801774844328,-0.5350912573301183,-0.17367660928263307,0.6016782404204403,-0.27895337171969004,-0.24667580585520332
-0.6336058252934371,0.32612783852826494,-0.6534368750650575,-1.0582097782242588,-2.09162942538204,-1.2307388859621553,0.6347498546090794
1.3383217224472252,-1.1967250157274292,0.01718829209959837,0.7622468666864134,0.8813914661480252,-0.13380027615312332,-1.4073162937815908
1.797537726715599,-0.709412102365607,0.03691256172208825,-0.13306695670519073,0.7077685245486116,0.35472612010783156,-1.0329403852835248
-0.7686693559606058,0.41749900978360655,0.5891921111518049,-1.642663294621832,-2.5592382363198345,-0.3424380413220363,-0.564636086365489
-1.362948890896148,2.123094206549984,3.0941743532080195,-0.6938561695089279,0.9660279754363886,-0.8749025025897667,0.32354978801998596
-0.6065931191600035,0.813440751890087,-0.6139883358200778,-1.1633477018388168,-2.3685977868057027,-0.8511515316618682,0.7424885006694153
0.8520930120454181,-0.8921544448762904,-0.43646990921766887,-0.24791755714188624,-0.801995114850375,-0.49021316657057024,1.4750025083921927
1.5003979592478278,-0.22209918900378495,-0.5548155269526082,-0.41859025599276495,0.32291578513005526,-0.3468447967937411,-0.40406089409009155
-1.254898066362413,-0.37438447442935435,-0.5548155269526082,0.5004162628603472,0.5548130599646945,0.2296964468200499,-1.1993391802163509
-0.444516882359401,-0.46575564568469596,-0.3378485611052195,1.9115293675569225,-1.1607198659473605,-0.0202579414371656,-0.1080766605136979
-0.30945335169223237,2.579950062826692,3.05472581396304,-0.85668997869164,0.4888667496784929,-0.09064978328702043,-0.5227514726926511
1.1492327795131891,0.843897808975201,0.03691256172208825,0.4166957430628122,0.23065730588752412,-0.5589973966510631,-0.020835877436838023
1.2032581917800567,0.6611554664645176,0.03691256172208825,0.4876239212447339,0.17166549131186018,-1.090644397489108,0.2715282056188434
1.284296310180358,-0.19164213191867105,-0.2195029433702802,-0.4096917064132829,0.444054741479004,1.1674335784265535,2.1964902331323968
-0.20140252715849744,-0.10027096066332941,-0.0025359775228915122,0.5267667400241689,0.894626605801331,0.20675258601302385,1.3814982914052771
0.9331311304457194,-0.9835256161316319,-0.02226024714538139,0.837282191602671,0.8604554459010786,-0.3647634086631715,-1.4313713067810963
-0.30945335169223237,2.610407119911806,3.01527727471806,3.045192576572693,0.42992360995782664,-1.1984459894915256,-0.6308332685563751
-0.5795804130265697,0.021557267677126114,-0.6337126054425677,0.4288132977277725,-0.7536320183506746,2.1696477319270175,-1.297564527150692
-1.2008726540955454,-0.4962127027698099,-0.6139883358200778,0.48858232242260397,0.39994930262588374,0.3749986963946991,-1.1866598624755273
-0.28244064555879866,0.052014324762239994,-0.594264066197588,0.9366708947224252,-1.3846376259433881,0.8329641869580211,-1.0081556062323662
1.473385253114394,0.08247138184735388,-0.6534368750650575,0.07508239271880257,0.47306924848544185,1.034456417294387,-0.5316074247292979
-1.038796417294943,-1.3794673582381125,-0.752058223177507,-1.84130900888728,0.8979574248854897,1.967057610950928,0.07413269616308193
-0.39049147009253354,0.052014324762239994,-0.5548155269526082,0.27939666787698664,0.5791631083003579,0.21423309834310597,-0.8745446168591768
-0.9847710050280757,-1.0748967873869737,-0.35757283072770935,0.8244331852992756,-0.8664022244091731,-1.647924836503982,-0.13846282780226482
1.8515631389824665,-0.2830133031740127,-0.6534368750650575,-0.6707916119182707,0.5126016425402863,0.8020270932929425,-0.7770524128785137
-1.3359361847627143,-0.709412102365607,-0.37729710035019925,0.53674024029605,-0.8997133697034525,-0.045840570296049786,-0.21259277739545077
1.2032581917800567,-1.2576391298976568,-0.04198451676787127,0.12365355200139003,0.42957616416653754,-0.18940499399832816,-0.886229532035485
0.09573724030927362,0.26521372435803714,0.6286406503967846,-1.579616289460084,-2.4709916390022344,1.3144546533876227,-0.43487169429749245
-1.254898066362413,-1.0444397303018598,-0.10115732563534091,-1.4659917071684185,0.9742985640136637,-0.8898101052201611,0.054687547310157354
-0.6065931191600035,-0.8007832736209487,-0.3181242914827296,0.6553318342476021,0.9678142702123266,-0.9089019999974021,1.608970648145968
-1.362948890896148,-1.0748967873869737,-0.6731611446875475,0.8174117035123086,0.923201648518066,0.9515444526400185,0.20128582654219576
0.6359913629779482,-0.4352985885995821,-0.49564271808513855,-0.5770026992325629,-0.25429141952282525,0.40083211594292634,-0.2762821882890361
1.3113090163137915,0.5088701810389482,-0.04198451676787127,0.19764492347808285,0.5186978401181245,-0.956780927683804,-0.051728780565057315
-0.5795804130265697,0.5088701810389482,-0.6534368750650575,0.9273847965395414,-0.35427868955559483,0.5192330634914576,-0.5311470152468043
-1.0928218295618106,0.5393272381240621,-0.594264066197588,-1.1788101007167968,-0.2285692846639723,-0.4108319784002984,1.2693768006568005
0.7170294813782495,-0.03935684649310165,-0.6139883358200778,-0.1403835027528937,-0.25576030634092517,-0.9731122765167796,-0.5010172410232518
-0.4985422946262685,0.5393272381240621,0.7272619985092341,-0.9670955207690383,-2.5585418859145195,-0.08478691337426353,-0.2054250640067536
0.4198897139104784,-0.008899789407987767,-0.574539796575098,-0.4858690467827783,-0.5082967287512514,-0.56225725541318,-0.6889132119057632
0.09573724030927362,0.2347566672729233,0.5694678415293151,-1.321446179577955,-2.523705488931411,-0.3392267929206021,-0.46971328955953773
-0.28244064555879866,-0.13072801774844328,-0.02226024714538139,3.3861442059238493,0.8858771202824772,0.04093631051919388,2.6023519368206403
-1.3089234786292805,-0.06981390357821553,-0.6139883358200778,0.05732781305536763,-1.1435587645396297,-0.8136569708468798,-1.1796032714917166
1.6354614899149964,1.0266401514858843,-0.0025359775228915122,0.1591483904920648,0.4452953373514735,-1.1579465625971326,-0.09439843324427867
-0.9577582988946419,-0.5266697598549237,-0.416745639595179,0.43053253967902977,-0.7842194177078361,-1.0647434534542326,-0.22461925155348955
1.0411819549794543,-0.37438447442935435,-0.19977867374779032,-0.47904567965451667,0.14558304743612818,-0.16113219485032945,1.7557146216749253
1.365334428580659,-0.6180409311102654,-0.29840002186023973,0.2711631921380804,-0.4229028745567811,0.5657345880640783,0.7189106730237099
1.8785758451159003,-1.4099244153232262,-0.02226024714538139,-0.26058731099451204,0.5205521869548208,0.23730398824529128,-0.8842000344818647
-0.9577582988946419,-0.2525562460888988,-0.49564271808513855,-0.26909596614814735,-0.4491426499958878,0.9724285929705894,-1.043343461971034
-0.7686693559606058,0.021557267677126114,-0.5548155269526082,0.5812689034767161,0.5475356015482067,0.2836516489681871,-1.1344629295643915
1.8785758451159003,-1.3794673582381125,-0.04198451676787127,0.7754681034897353,0.8649462826716285,0.3390885461587055,-1.3646202853620009
1.3113090163137915,0.6002413522942899,0.09608537058955789,0.13803968871219288,0.43181800394742237,-0.7708720269134851,0.2787498153246778
-0.4985422946262685,0.052014324762239994,0.05663683134457813,0.7853457041200492,0.9747868993139144,0.13433288021004172,-0.7400517397957391
-0.849707474360907,-0.8921544448762904,-0.6534368750650575,-0.9940529043541371,1.0003016075343516,0.8602164624134796,0.15439128109655487
0.9061184243122856,-0.4962127027698099,-0.12088159525783079,-0.0168475513069713,0.43515997337484313,0.2852616749502981,1.2114747720210186
-0.9847710050280757,0.41749900978360655,-0.6534368750650575,-1.1747281764527508,-2.0991804839828854,-1.0049933351020108,0.6539643343216642
-0.7146439436937384,2.7017782911671477,3.03500154434055,-0.5943161627930187,0.8995982709947632,-0.9782421383327777,-0.027432579203439996
0.8520930120454181,-0.9226115019614042,0.01718829209959837,0.2401952601327885,0.7083134671085993,0.5201218366465966,-0.9398985272726305
-0.7686693559606058,0.26521372435803714,-0.6337126054425677,1.7686303048255136,-0.7683044000392762,-2.1149506161830818,1.4111404760611832
-0.36347876395909984,2.2144653778053254,2.916655926605611,-0.3870220764232547,0.8769132986918583,-1.1256603996275298,0.06947510627492787
2.0136393757830686,0.2042996101878094,-0.6139883358200778,-0.2808767547769793,0.5869413626076094,0.4072608964015211,-0.41842326056423723
-0.03932629035789505,0.5393272381240621,0.5497435719068251,-1.1459969959075342,-2.41496206229563,0.18472047140646497,-0.32347285111958934
-1.1198345356952444,-1.2880961869827707,-0.7915067624224867,-0.14130373845343375,1.0301582767474136,0.1153290610182916,0.15332087576262923
-0.39049147009253354,-1.4099244153232262,-0.2195029433702802,-1.1155256834913774,0.6695326877041538,-0.8859327158415565,0.0902942104158721
1.473385253114394,-0.709412102365607,0.03691256172208825,-0.05533324901327291,0.46392278004384596,-0.12059567698627187,-0.8427879337838657
-0.6336058252934371,0.2042996101878094,-0.6139883358200778,0.16288213381525213,-0.34979923294899673,0.7179910851014886,-0.7084852319704295
1.0952073672463216,-0.5571268169400376,-0.18005440412530044,-0.34917141353998676,0.40300700854804433,0.6458926062238878,1.8726313551523939
-0.5795804130265697,0.6611554664645176,0.5300193022843352,-1.1629407933696392,-2.366662130127217,0.766964938831066,-0.27107664441211804
0.8791057181788519,0.14338549601758163,-0.061708786390361155,0.03360875929273345,0.5421603703261082,-0.7661756677388661,2.589638340166837
-0.012313584224461311,0.2042996101878094,-0.02226024714538139,1.3649744609360017,0.956494003726628,0.590542114133153,-0.17398019307676368
-0.3364660578256661,0.2347566672729233,0.07636110096706801,1.1016439963957463,1.0548554297342796,0.19459094995666162,-1.0356569421877353
0.7440421875116832,-0.4962127027698099,-0.5153669877076285,-0.047014755750900424,-0.3645653505070246,-0.17943220851026223,-0.5247082260954172
1.473385253114394,0.2042996101878094,-0.49564271808513855,-0.3999531435770678,0.2593186233809071,-0.3378476574512734,-0.2877913680791438
1.5814360776481289,-0.9835256161316319,0.13553390983453764,-0.1332190136187036,0.8212206139795629,0.3873518608554388,-0.8353642746236378
-1.3089234786292805,0.7829836948049731,-0.6534368750650575,-0.7898700186721104,-0.26786752779446976,1.3347409248215827,-1.230218966799815
1.5003979592478278,-1.1967250157274292,-0.061708786390361155,-0.21719148489523502,0.5711407152950005,-0.06799255385263195,-0.8386705872581581
-0.9577582988946419,-0.7703262165358348,-0.3181242914827296,0.6361501533977858,1.265961509959112,-0.32377263340400025,2.202742002108811
1.4193598408475265,-0.4048415315144682,-0.35757283072770935,0.33683500282754364,-0.7291272145081548,-0.15653795958196665,0.6938361264081521
-1.2008726540955454,0.44795606686872047,-0.594264066197588,-0.23309078442155012,-0.4010803263861419,0.311384794873066,-1.0207762675653502
1.797537726715599,0.9961830944007704,-0.0025359775228915122,0.6074441543392732,0.4983367571732382,-0.31519674518544,0.23304958351481825
2.175715612583671,-0.46575564568469596,-0.574539796575098,-0.3346865434653275,0.19047753029125333,0.4441481918377997,-0.23475180412302254
1.4463725469809603,-0.9226115019614042,-0.02226024714538139,0.2730392333893258,0.6850088264075791,0.38755301517590396,-1.09989158254688
-0.552567706893136,0.7829836948049731,-0.5153669877076285,-1.4237724437344728,-0.0877422622424302,-0.2778281707009991,-0.9963194419855076
1.6084487837815626,-0.4352985885995821,-0.594264066197588,-0.20201425371757273,0.17764571472647403,1.6711274486953596,-0.7183295575722393
0.8250803059119844,-0.2525562460888988,-0.49564271808513855,-1.2210013391837533,-0.15285771552491256,-0.3575585561205931,-0.3480314579858876
-0.5795804130265697,-0.2525562460888988,-0.6337126054425677,0.5569396450898647,0.7394405846448775,0.14645113132937657,-1.096111773546965
-0.6606185314268709,-1.1662679586423153,-0.8309553016674665,-1.6320698005032808,1.0480218542693478,0.5700680935109386,0.08462658525612134
0.257813477109876,-0.2830133031740127,-0.49564271808513855,-0.15385766488329905,-0.06258691233531553,-0.9630840827192559,-0.48453223786315214
2.202728318717105,-0.37438447442935435,-0.5153669877076285,-0.2520735504569186,0.4302243527735897,1.7286225557070516,-0.23543916118400268
-1.1198345356952444,0.17384255310269553,-0.4561941788401588,0.938746295752776,-0.5061844957198485,1.5846916460017655,-1.2370638272823116
0.960143836579153,-0.4048415315144682,-0.29840002186023973,0.10845274745490659,-0.8607851625709734,1.2406969864944808,0.5995662441550655
1.4463725469809603,-0.8616973877911764,0.13553390983453764,0.8253101520901271,0.8496596257403523,-0.44592609121294774,-1.4679398197490812
1.365334428580659,-1.2880961869827707,0.05663683134457813,-0.01477460929183016,0.5747092255296367,0.415396282952941,-1.0763444803968008
-1.1468472418286781,-0.8312403307060625,-0.43646990921766887,-0.006923502611590708,0.9068066687428957,-0.9889857124782016,1.9928517695482069
-0.6606185314268709,-1.3490103011529986,-0.3181242914827296,0.0714210517807377,1.0458058522590385,0.0009070673481452713,0.7424951518398099
1.5003979592478278,-0.9835256161316319,-0.25895148261525996,0.00864172994052835,-0.6462980788621036,1.2358007619544127,1.5503447192266986
-1.2278853602289792,0.052014324762239994,-0.594264066197588,1.546776928042217,-1.154944669968846,1.098622870632032,0.42434357311447446
0.6359913629779482,-0.22209918900378495,-0.061708786390361155,0.03401136838849325,0.7597904166999501,-0.5732406963541482,1.5662801391797425
-0.4715295884928348,-1.1662679586423153,-0.8112310320449766,-1.902650872403238,0.908646592086977,1.5228531936605918,0.11650320285468596
0.9061184243122856,-0.4048415315144682,-0.12088159525783079,0.13660851063472196,0.08608139585967965,0.30227535274654277,1.5164824297371835
-1.3359361847627143,-1.2576391298976568,-0.35757283072770935,0.4237357923662095,1.1000216827367486,-1.1697757397740682,0.5047071064197526
-1.1198345356952444,0.3870419526984927,-0.5350912573301183,0.8850593095033461,-1.6745855426234941,-0.9665512982533947,0.9777648330410922
-0.3364660578256661,0.2042996101878094,0.5497435719068251,-1.3529528213160502,-2.4073434108265372,3.0921767371732805,-0.4627064604307211
-0.6876312375603046,2.062180092379756,3.01527727471806,0.9610208146918336,0.5062277448128963,-1.1285075594822944,-0.6054833962419371
-1.0658091234283769,-0.2830133031740127,-0.6139883358200778,0.14780592522751038,-0.7113798544361902,1.9933030617278056,-1.2419737270901636
0.257813477109876,-0.5266697598549237,-0.10115732563534091,-0.4199561081844386,0.5217292252871668,-1.5255532578596336,2.120911073215273
-1.2278853602289792,0.3565848956133788,-0.6337126054425677,-0.8304669058380573,-2.376968259853588,-0.7772624583823167,0.10456902874425573
-0.5255550007597022,-0.008899789407987767,-0.6337126054425677,0.6164975652805676,0.6453322732853692,-0.022885963471021144,-0.9973841502416905
-1.254898066362413,-0.31347036025912656,-0.594264066197588,0.6726145640211392,-0.4644002283257711,3.0559761943939026,-0.552744215336534
-0.7686693559606058,2.7626924053373756,2.916655926605611,-0.7164636703329307,0.9088504735617084,0.037978969500342095,0.2496901348945941
-1.3359361847627143,0.26521372435803714,-0.49564271808513855,-1.9804077319185123,-2.3819260164066134,-1.1110192381783326,0.6491984750258724
-0.444516882359401,0.17384255310269553,-0.594264066197588,-0.42994691719115535,-2.2197042413177157,-0.9353227705692742,-0.2854450387937683
2.3918172616511413,-0.5571268169400376,-0.6534368750650575,-0.0652606544595747,0.5396800767671065,-0.7365976392244948,-0.3057135321172821
0.4469024200439121,-0.22209918900378495,-0.08143305601285103,0.24235306159184677,0.3036162111830077,0.8037494800620829,0.92015455148904
0.14976265257614108,0.6916125235496315,-0.6337126054425677,0.524899010634651,-0.4601051476117439,1.3448817281744558,-0.7289166705977598
-0.6606185314268709,-1.0748967873869737,-0.416745639595179,0.36612059567411437,0.9636072413454747,-0.8167934250553521,0.7058434615731671
-1.3089234786292805,-0.4352985885995821,-0.6534368750650575,0.48577667389063056,0.5149309246048764,0.011336675251816766,-0.9778643335847724
-0.9307455927612083,0.5393272381240621,-0.47591844846264864,-1.4152660075493237,-1.4826189963095975,-1.9635837881245495,0.6604468379492614
-0.849707474360907,-0.8312403307060625,-0.37729710035019925,0.26314286617944577,1.2282498586470076,-1.0288601521513132,1.1503761654175597
1.3383217224472252,-0.37438447442935435,-0.5153669877076285,-0.6172127306128852,0.588828143786862,1.0943747197866163,-0.17995494526465527
0.6359913629779482,-0.4352985885995821,-0.19977867374779032,-0.4570528135853066,0.5903575017250434,1.6914820386122609,2.3600349447924973
1.6624741960484302,-0.7703262165358348,0.11580964021204777,-0.14093051263782744,0.6110578462412323,0.3457862309915424,-0.874557698282841
-1.0928218295618106,0.7829836948049731,-0.594264066197588,-0.881870448612423,-0.7168445833110136,-1.0892063735317707,1.4788654244485824
0.8520930120454181,0.7220695806347454,-0.04198451676787127,0.6565125538195967,0.482489067989359,-0.732978515185395,-0.1369323591014701
1.5544233715146951,-0.8921544448762904,-0.3378485611052195,-0.28390878102977124,-0.684920278848649,-0.04880259924431358,0.7992470302472763
0.5279405384442133,0.021557267677126114,-0.04198451676787127,2.7612039350161206,0.88347707229797,0.5794890631763142,0.3531742956665335
0.3118388893767435,0.08247138184735388,-0.25895148261525996,0.07712395106443357,0.4586449954873471,-0.3021365386268283,1.0917352472532744
1.365334428580659,-1.227182072812543,0.11580964021204777,-0.030067523473899904,0.5150732513908848,0.4630194755185428,-0.8555266025294476
0.39287700777704465,0.29567078144315107,0.03691256172208825,1.2295760639919007,0.8926091922079963,0.07050255411781503,-0.43824855228418436
-1.0928218295618106,0.7829836948049731,-0.5548155269526082,-0.11713502058256864,-0.20398761208494207,-0.1158518559098945,-1.1854053685768897
-0.5255550007597022,-0.8312403307060625,-0.7717824927999969,-2.7096256204537905,0.979273821501976,1.413215220995995,-0.0028091930310741534
-0.7146439436937384,-1.1967250157274292,-0.29840002186023973,0.7411492070557911,0.980138706780416,-0.1334614189009731,2.0957867583756107
-0.30945335169223237,0.11292843893246776,-0.574539796575098,0.730038931374987,-1.144947365833936,-0.06188711807251697,1.1292680110559554
-0.9037328866277745,2.519035948656464,2.916655926605611,-0.3339482065843055,0.8555208392938443,-0.7573975785683659,-0.0054621965918695715
1.7164996083152975,-1.0139826732167458,-0.43646990921766887,-0.005173316100682388,-0.3936134988635074,1.043144851909499,1.6419865593702312
-0.39049147009253354,-0.31347036025912656,-0.5350912573301183,0.5425679053276339,0.6023576595046395,0.8644711559945794,-0.9176005807972903
-0.5255550007597022,2.336293606145781,2.9561044658505904,-0.7380512419056441,0.9558463824894037,-1.1793143588089194,0.3039647662365153
0.23080077097644228,0.26521372435803714,0.01718829209959837,3.469444195088586,0.9835617562289365,0.6080450869888293,0.20787134779145205
0.6089786568445146,0.14338549601758163,-0.5350912573301183,-1.0950258611997479,-0.6175158182308214,0.16279341694569868,-0.7770906708473574
-0.20140252715849744,0.2347566672729233,-0.5548155269526082,0.25152126951143305,-0.4410681379672688,0.43114511047673176,-0.7249275588192182
-0.2554279394253649,0.26521372435803714,-0.6534368750650575,0.7417888378953474,-0.3272524843248274,1.1461551093755815,-0.6935601813942855
1.689486902181864,-0.37438447442935435,-0.5548155269526082,-0.11345739159614061,0.4084598011108017,1.014556707337879,-0.12790923321801206
-0.3364660578256661,2.4885788915713505,3.05472581396304,3.0792311979659472,0.509822007981954,-0.03272498894081133,-0.6084118941920347
-0.849707474360907,-0.06981390357821553,-0.4561941788401588,0.23842092257964478,-1.0413740657787658,-3.7951937364701753,-1.082329257563543
0.960143836579153,0.052014324762239994,-0.5350912573301183,-0.7887413131265937,-0.5296492469293405,0.43072961969280693,0.1164012406855116
1.2032581917800567,0.11292843893246776,-0.14060586488032067,-0.4554680095084271,0.09936040882127205,-0.045307923812421796,1.4815006964076494
-0.3364660578256661,0.7220695806347454,-0.5153669877076285,0.5175161921754552,-0.09533505574186377,-0.20169261767419522,-1.237184256048487
1.8245504328490327,-0.9835256161316319,0.05663683134457813,-0.22503608299156722,0.6687761503125391,0.2694472834404459,-0.9967211719493918
1.7705250205821652,0.08247138184735388,-0.6139883358200778,-0.1698963495884009,0.28231217709079026,1.9454565138804685,-0.3294711213364644
1.284296310180358,-1.4099244153232262,-0.061708786390361155,0.43101917683737384,0.9457954435021904,-0.402201754282859,-1.3921190028853374
-0.741656649827172,-1.470838529493454,-0.08143305601285103,-0.8539849526717159,1.024459551359019,0.8935587603249218,0.07663146172107752
-0.552567706893136,0.29567078144315107,-0.6337126054425677,-0.3860281190564161,-2.223447742052737,-1.2165896889982353,-0.05017219378267742
1.4463725469809603,0.813440751890087,0.11580964021204777,0.29421275559075794,0.4441632927032753,-0.7613115330229856,0.12334502072243624
1.0952073672463216,-0.9835256161316319,-0.43646990921766887,0.14650755543894153,-0.6317911703143536,1.020274670349344,1.6068348581563965
-1.1468472418286781,0.14338549601758163,-0.6139883358200778,0.6185899491286583,-0.10249877356495406,1.052158627794415,-1.241079467495085
-0.4985422946262685,2.5494930057415783,3.0744500835855297,-0.5314221649736776,0.9735377403764146,-0.8321625058068872,0.26158298986002826
-0.741656649827172,-0.4352985885995821,-0.5153669877076285,0.7169041152950798,0.47309076814071604,0.5092368164441117,-1.116052548692277
0.257813477109876,0.052014324762239994,-0.23922721299277008,0.10634220592625389,0.4063082750256372,0.8540969241764885,0.8603341742728106
1.8245504328490327,-1.227182072812543,0.11580964021204777,-0.22832854822902726,0.8248339405952756,-0.5544791414142828,-1.0786822157513138
-1.362948890896148,-0.8312403307060625,-0.3378485611052195,-0.09999020448189234,1.0585071615417931,-1.188195624961931,1.6295578293418118
-1.1198345356952444,2.6713212340820336,3.03500154434055,-0.892002069417068,0.43717214597917076,-0.4514778872990179,-0.6727688775078162
-1.0117837111615093,-1.470838529493454,-0.7915067624224867,-0.33756247689710367,0.8378280189931478,1.2953335586233528,0.0103407768126746
0.20378806484300854,-0.22209918900378495,-0.061708786390361155,3.2808452519418627,0.8685779891072182,0.13727311163995584,-0.2709400584881611
-0.36347876395909984,-0.9226115019614042,-0.3970213699726891,0.005829215681962079,1.0267414432303572,-0.9405599185563859,2.201268148243198
-1.0658091234283769,0.569784295209176,-0.5548155269526082,-1.1828277568619048,-2.0878591119339864,-0.6684320160379303,0.1815934015500226
-0.36347876395909984,0.6002413522942899,-0.5350912573301183,0.7650217463026785,-0.3579618569731749,-1.1723526792315149,1.568000581320745
-0.4715295884928348,0.11292843893246776,-0.6139883358200778,0.45146084927409846,0.7755518809315891,0.4052356245369377,-0.8290094909371584
1.9326012573827676,0.17384255310269553,-0.594264066197588,-0.4065133785135269,0.5473949966218965,-0.3226161700702456,-0.42839888627478073
-0.39049147009253354,0.17384255310269553,-0.04198451676787127,1.6990074402227289,0.9951835173851925,0.3240028859928524,0.4348465263606552
-1.1198345356952444,0.47841312395383434,-0.5548155269526082,-1.2250193114879595,-2.1310601740550137,-1.1319614485104772,0.47295117981271334
-0.7686693559606058,-0.9226115019614042,-0.08143305601285103,-1.0641491762231197,0.8023595890792773,-0.42005394243322464,0.07254815080835457
0.041711828042406154,0.44795606686872047,0.5891921111518049,-1.5804118082027216,-2.4453993155769145,0.5501132278801545,-0.314892277190497
-0.28244064555879866,-0.8007832736209487,-0.061708786390361155,-0.7655782719767976,1.0482911946913147,-0.7529091832635821,0.1652328489759856
-0.6606185314268709,0.08247138184735388,-0.5153669877076285,-0.49381520220725894,-0.49443351832973587,0.6977878197929261,-0.9235594919172218
-1.1198345356952444,-0.06981390357821553,-0.574539796575098,0.28521843712686556,-0.9926187748858478,-1.2616952469268765,-1.0027325312328628
-0.28244064555879866,0.17384255310269553,-0.49564271808513855,2.206978339270555,-0.39087971622596124,-1.5476189329880574,1.0986110834464253
1.3923471347140928,-0.22209918900378495,-0.574539796575098,-0.5488504138028294,0.5009120196435296,0.20783549899540885,-0.3977879884038667
-0.3364660578256661,2.0317230352946423,2.9363801962281006,-1.5689385799254083,0.516519282720952,-0.1882381133301008,-0.5383596454176709
1.8785758451159003,-0.9226115019614042,0.13553390983453764,0.4414231433344589,0.9052229564161506,0.33807638262842943,-1.398957278618157
1.3383217224472252,0.14338549601758163,-0.14060586488032067,-0.4701483927598284,0.7380592648959362,0.2436229394245187,1.0421094200674514
-0.4985422946262685,-0.37438447442935435,-0.6337126054425677,0.5958456255758448,-0.45090552146509705,1.588669731124466,-0.6333841922104518
-1.0117837111615093,0.569784295209176,-0.5350912573301183,-0.24627395137591163,-2.2628372293834262,-0.8359742126155679,-0.7839363634995453
-1.173859947962112,-1.1053538444720874,-0.752058223177507,-3.009124578507737,0.8880108253890906,-0.004960694148913078,0.0547302876765152
1.2572836040469242,-1.2576391298976568,-0.02226024714538139,-0.057616780310309215,0.816796430595418,0.38067104715486055,-0.8201228911080253
-0.9037328866277745,-0.03935684649310165,-0.6139883358200778,0.4489565959912253,0.673822715056221,-0.1350756636328665,-1.0683890737206978
1.7164996083152975,-0.8007832736209487,-0.3970213699726891,-0.11486277928790276,-0.6063043040624976,0.8932979879679023,1.6290128446320435
0.6359913629779482,0.052014324762239994,-0.574539796575098,-1.4700885553128664,-0.38361308766060254,-0.2331639986626421,-0.34791421049907806
1.3113090163137915,-0.37438447442935435,-0.23922721299277008,-0.2195654455007982,0.5076012982384565,0.34658748667871364,1.4413597566588048
-0.8226947682274733,0.47841312395383434,-0.6534368750650575,-0.4177336151093783,-2.1845235056113133,-0.690397193921332,0.07385897366013051
-1.1198345356952444,0.7220695806347454,-0.6139883358200778,-1.0654448254821633,-2.1091375457070836,-0.8846568450036797,0.05101163741669929
-0.6336058252934371,0.813440751890087,-0.6534368750650575,-1.2709035848667911,-2.2546204547569992,-0.8782616495570927,-0.31182790902241114
